Location_Type,Sampling_Area,Site_Number,Collection_Date,Collection_Time,Vegetation_Height,Vegetation_Species,Photo_Shrub,Photo_Landscape_North,Photo_Landscape_East,Photo_Landscape_South,Photo_Landscape_West,Shrub_Notes
shrub,CRBU: Schofield Park (SP),1592,7/18/2025,12:30:00,215,Sapindaceae-Acer glabrum,./Shrub_FieldPhotographs.zip/1592_Shrub_Whiteboard.jpg,https://5eae6d99ac972a7f9f39-bd6eca24a608a68763319e6efcdf3d9f.ssl.cf2.rackcdn.com/rmbl/507625/_data507625_chess_shrub_subform/field_1577153118687e59a06598d.jpg,./Shrub_FieldPhotographs.zip/1592_Shrub_Landscape_FacingEast.jpg,./Shrub_FieldPhotographs.zip/1592_Shrub_Landscape_FacingSouth.jpg,./Shrub_FieldPhotographs.zip/1592_Shrub_Landscape_FacingWest.jpg,NA
shrub,CRBU: Schofield Park (SP),1591,7/18/2025,12:16:00,117,Cornaceae-Cornus sericea,./Shrub_FieldPhotographs.zip/1591_Shrub_Whiteboard.jpg,https://5eae6d99ac972a7f9f39-bd6eca24a608a68763319e6efcdf3d9f.ssl.cf2.rackcdn.com/rmbl/507625/_data507625_chess_shrub_subform/field_2122015471687e599bf1a78.jpg,./Shrub_FieldPhotographs.zip/1591_Shrub_Landscape_FacingEast.jpg,./Shrub_FieldPhotographs.zip/1591_Shrub_Landscape_FacingSouth.jpg,./Shrub_FieldPhotographs.zip/1591_Shrub_Landscape_FacingWest.jpg,NA
shrub,CRBU: Schofield Park (SP),1590,7/18/2025,12:09:00,137,Viburnaceae-Sambucus racemosa,./Shrub_FieldPhotographs.zip/1590_Shrub_Whiteboard.jpg,https://5eae6d99ac972a7f9f39-bd6eca24a608a68763319e6efcdf3d9f.ssl.cf2.rackcdn.com/rmbl/507625/_data507625_chess_shrub_subform/field_1056954927687e59966c4de.jpg,./Shrub_FieldPhotographs.zip/1590_Shrub_Landscape_FacingEast.jpg,./Shrub_FieldPhotographs.zip/1590_Shrub_Landscape_FacingSouth.jpg,./Shrub_FieldPhotographs.zip/1590_Shrub_Landscape_FacingWest.jpg,NA
shrub,CRBU: Schofield Park (SP),1589,7/18/2025,11:43:00,105,Rosaceae-Holodiscus discolor,./Shrub_FieldPhotographs.zip/1589_Shrub_Whiteboard.jpg,https://5eae6d99ac972a7f9f39-bd6eca24a608a68763319e6efcdf3d9f.ssl.cf2.rackcdn.com/rmbl/507625/_data507625_chess_shrub_subform/field_1749504464687e598c3020c.jpg,./Shrub_FieldPhotographs.zip/1589_Shrub_Landscape_FacingEast.jpg,./Shrub_FieldPhotographs.zip/1589_Shrub_Landscape_FacingSouth.jpg,./Shrub_FieldPhotographs.zip/1589_Shrub_Landscape_FacingWest.jpg,NA
shrub,CRBU: Schofield Park (SP),1588,7/18/2025,11:30:00,128,Grossulariaceae-Ribes cereum,./Shrub_FieldPhotographs.zip/1588_Shrub_Whiteboard.jpg,https://5eae6d99ac972a7f9f39-bd6eca24a608a68763319e6efcdf3d9f.ssl.cf2.rackcdn.com/rmbl/507625/_data507625_chess_shrub_subform/field_1046728773687e598567608.jpg,./Shrub_FieldPhotographs.zip/1588_Shrub_Landscape_FacingEast.jpg,./Shrub_FieldPhotographs.zip/1588_Shrub_Landscape_FacingSouth.jpg,./Shrub_FieldPhotographs.zip/1588_Shrub_Landscape_FacingWest.jpg,NA
shrub,UPTA: Taylor River Road Upper (RU),1587,7/14/2025,10:41:00,68,Rosaceae-Dasiphora fruticosa,./Shrub_FieldPhotographs.zip/1587_Shrub_Whiteboard.jpg,https://5eae6d99ac972a7f9f39-bd6eca24a608a68763319e6efcdf3d9f.ssl.cf2.rackcdn.com/rmbl/507625/_data507625_chess_shrub_subform/field_4394321986875696a04146.jpg,./Shrub_FieldPhotographs.zip/1587_Shrub_Landscape_FacingEast.jpg,./Shrub_FieldPhotographs.zip/1587_Shrub_Landscape_FacingSouth.jpg,./Shrub_FieldPhotographs.zip/1587_Shrub_Landscape_FacingWest.jpg,NA
shrub,UPTA: Taylor River Road Upper (RU),1586,7/14/2025,10:33:00,94,Cupressaceae-Juniperus communis,./Shrub_FieldPhotographs.zip/1586_Shrub_Whiteboard.jpg,https://5eae6d99ac972a7f9f39-bd6eca24a608a68763319e6efcdf3d9f.ssl.cf2.rackcdn.com/rmbl/507625/_data507625_chess_shrub_subform/field_204756097868756962bf1ef.jpg,./Shrub_FieldPhotographs.zip/1586_Shrub_Landscape_FacingEast.jpg,./Shrub_FieldPhotographs.zip/1586_Shrub_Landscape_FacingSouth.jpg,./Shrub_FieldPhotographs.zip/1586_Shrub_Landscape_FacingWest.jpg,NA
shrub,UPTA: Taylor River Road Upper (RU),1585,7/14/2025,10:20:00,295,Salicaceae-Salix drummondiana,./Shrub_FieldPhotographs.zip/1585_Shrub_Whiteboard.jpg,https://5eae6d99ac972a7f9f39-bd6eca24a608a68763319e6efcdf3d9f.ssl.cf2.rackcdn.com/rmbl/507625/_data507625_chess_shrub_subform/field_5394343386875693444d75.jpg,./Shrub_FieldPhotographs.zip/1585_Shrub_Landscape_FacingEast.jpg,./Shrub_FieldPhotographs.zip/1585_Shrub_Landscape_FacingSouth.jpg,./Shrub_FieldPhotographs.zip/1585_Shrub_Landscape_FacingWest.jpg,NA
shrub,UPTA: Taylor River Road Upper (RU),1584,7/14/2025,10:12:00,141,Salicaceae-Salix wolfii,./Shrub_FieldPhotographs.zip/1584_Shrub_Whiteboard.jpg,https://5eae6d99ac972a7f9f39-bd6eca24a608a68763319e6efcdf3d9f.ssl.cf2.rackcdn.com/rmbl/507625/_data507625_chess_shrub_subform/field_1302876523687569286c8a1.jpg,./Shrub_FieldPhotographs.zip/1584_Shrub_Landscape_FacingEast.jpg,./Shrub_FieldPhotographs.zip/1584_Shrub_Landscape_FacingSouth.jpg,./Shrub_FieldPhotographs.zip/1584_Shrub_Landscape_FacingWest.jpg,NA
shrub,UPTA: Taylor River Road Upper (RU),1583,7/14/2025,9:59:00,79,Betulaceae-Betula glandulosa,./Shrub_FieldPhotographs.zip/1583_Shrub_Whiteboard.jpg,https://5eae6d99ac972a7f9f39-bd6eca24a608a68763319e6efcdf3d9f.ssl.cf2.rackcdn.com/rmbl/507625/_data507625_chess_shrub_subform/field_12727808096875692243e22.jpg,./Shrub_FieldPhotographs.zip/1583_Shrub_Landscape_FacingEast.jpg,./Shrub_FieldPhotographs.zip/1583_Shrub_Landscape_FacingSouth.jpg,./Shrub_FieldPhotographs.zip/1583_Shrub_Landscape_FacingWest.jpg,NA
shrub,UPTA: Taylor River Road Upper (RU),1582,7/14/2025,9:50:00,85,Rosaceae-Dasiphora fruticosa,./Shrub_FieldPhotographs.zip/1582_Shrub_Whiteboard.jpg,https://5eae6d99ac972a7f9f39-bd6eca24a608a68763319e6efcdf3d9f.ssl.cf2.rackcdn.com/rmbl/507625/_data507625_chess_shrub_subform/field_6914302966875691c91feb.jpg,./Shrub_FieldPhotographs.zip/1582_Shrub_Landscape_FacingEast.jpg,./Shrub_FieldPhotographs.zip/1582_Shrub_Landscape_FacingSouth.jpg,./Shrub_FieldPhotographs.zip/1582_Shrub_Landscape_FacingWest.jpg,NA
shrub,UPTA: Taylor River Road Upper (RU),1581,7/14/2025,9:40:00,118,Salicaceae-Salix glauca,./Shrub_FieldPhotographs.zip/1581_Shrub_Whiteboard.jpg,https://5eae6d99ac972a7f9f39-bd6eca24a608a68763319e6efcdf3d9f.ssl.cf2.rackcdn.com/rmbl/507625/_data507625_chess_shrub_subform/field_2035369345687569159071a.jpg,./Shrub_FieldPhotographs.zip/1581_Shrub_Landscape_FacingEast.jpg,./Shrub_FieldPhotographs.zip/1581_Shrub_Landscape_FacingSouth.jpg,./Shrub_FieldPhotographs.zip/1581_Shrub_Landscape_FacingWest.jpg,NA
shrub,UPTA: Taylor River Road Upper (RU),1580,7/14/2025,9:29:00,175,Salicaceae-Salix drummondiana,./Shrub_FieldPhotographs.zip/1580_Shrub_Whiteboard.jpg,https://5eae6d99ac972a7f9f39-bd6eca24a608a68763319e6efcdf3d9f.ssl.cf2.rackcdn.com/rmbl/507625/_data507625_chess_shrub_subform/field_1292359114687569075de8d.jpg,./Shrub_FieldPhotographs.zip/1580_Shrub_Landscape_FacingEast.jpg,./Shrub_FieldPhotographs.zip/1580_Shrub_Landscape_FacingSouth.jpg,./Shrub_FieldPhotographs.zip/1580_Shrub_Landscape_FacingWest.jpg,NA
shrub,UPTA: Taylor River Road Upper (RU),1579,7/14/2025,9:15:00,81,Salicaceae-Salix wolfii,./Shrub_FieldPhotographs.zip/1579_Shrub_Whiteboard.jpg,https://5eae6d99ac972a7f9f39-bd6eca24a608a68763319e6efcdf3d9f.ssl.cf2.rackcdn.com/rmbl/507625/_data507625_chess_shrub_subform/field_1693116117687568f99f09d.jpg,./Shrub_FieldPhotographs.zip/1579_Shrub_Landscape_FacingEast.jpg,./Shrub_FieldPhotographs.zip/1579_Shrub_Landscape_FacingSouth.jpg,./Shrub_FieldPhotographs.zip/1579_Shrub_Landscape_FacingWest.jpg,NA
shrub,UPTA: Taylor River Road Upper (RU),1578,7/14/2025,8:59:00,62,Cupressaceae-Juniperus communis,./Shrub_FieldPhotographs.zip/1578_Shrub_Whiteboard.jpg,https://5eae6d99ac972a7f9f39-bd6eca24a608a68763319e6efcdf3d9f.ssl.cf2.rackcdn.com/rmbl/507625/_data507625_chess_shrub_subform/field_307987526687568f3a5659.jpg,./Shrub_FieldPhotographs.zip/1578_Shrub_Landscape_FacingEast.jpg,./Shrub_FieldPhotographs.zip/1578_Shrub_Landscape_FacingSouth.jpg,./Shrub_FieldPhotographs.zip/1578_Shrub_Landscape_FacingWest.jpg,NA
shrub,UPTA: Rocky Brook (RB),1577,7/13/2025,10:36:00,96,Salicaceae-Salix wolfii,./Shrub_FieldPhotographs.zip/1577_Shrub_Whiteboard.jpg,https://5eae6d99ac972a7f9f39-bd6eca24a608a68763319e6efcdf3d9f.ssl.cf2.rackcdn.com/rmbl/507625/_data507625_chess_shrub_subform/field_65163791768744731d68bb.jpg,./Shrub_FieldPhotographs.zip/1577_Shrub_Landscape_FacingEast.jpg,./Shrub_FieldPhotographs.zip/1577_Shrub_Landscape_FacingSouth.jpg,./Shrub_FieldPhotographs.zip/1577_Shrub_Landscape_FacingWest.jpg,NA
shrub,UPTA: Rocky Brook (RB),1576,7/13/2025,10:27:00,139,Salicaceae-Salix wolfii,./Shrub_FieldPhotographs.zip/1576_Shrub_Whiteboard.jpg,https://5eae6d99ac972a7f9f39-bd6eca24a608a68763319e6efcdf3d9f.ssl.cf2.rackcdn.com/rmbl/507625/_data507625_chess_shrub_subform/field_62367610868744725677c2.jpg,./Shrub_FieldPhotographs.zip/1576_Shrub_Landscape_FacingEast.jpg,./Shrub_FieldPhotographs.zip/1576_Shrub_Landscape_FacingSouth.jpg,./Shrub_FieldPhotographs.zip/1576_Shrub_Landscape_FacingWest.jpg,NA
shrub,UPTA: Rocky Brook (RB),1575,7/13/2025,10:16:00,76,Salicaceae-Salix wolfii,./Shrub_FieldPhotographs.zip/1575_Shrub_Whiteboard.jpg,https://5eae6d99ac972a7f9f39-bd6eca24a608a68763319e6efcdf3d9f.ssl.cf2.rackcdn.com/rmbl/507625/_data507625_chess_shrub_subform/field_106405162468744be5da808.jpg,./Shrub_FieldPhotographs.zip/1575_Shrub_Landscape_FacingEast.jpg,./Shrub_FieldPhotographs.zip/1575_Shrub_Landscape_FacingSouth.jpg,./Shrub_FieldPhotographs.zip/1575_Shrub_Landscape_FacingWest.jpg,NA
shrub,UPTA: Rocky Brook (RB),1574,7/13/2025,10:08:00,113,Salicaceae-Salix wolfii,./Shrub_FieldPhotographs.zip/1574_Shrub_Whiteboard.jpg,https://5eae6d99ac972a7f9f39-bd6eca24a608a68763319e6efcdf3d9f.ssl.cf2.rackcdn.com/rmbl/507625/_data507625_chess_shrub_subform/field_133192015168740eea36a5a.jpg,./Shrub_FieldPhotographs.zip/1574_Shrub_Landscape_FacingEast.jpg,./Shrub_FieldPhotographs.zip/1574_Shrub_Landscape_FacingSouth.jpg,./Shrub_FieldPhotographs.zip/1574_Shrub_Landscape_FacingWest.jpg,Right next to 1575 diff willows
shrub,UPTA: Rocky Brook (RB),1573,7/13/2025,9:55:00,62,Rosaceae-Dasiphora fruticosa,./Shrub_FieldPhotographs.zip/1573_Shrub_Whiteboard.jpg,https://5eae6d99ac972a7f9f39-bd6eca24a608a68763319e6efcdf3d9f.ssl.cf2.rackcdn.com/rmbl/507625/_data507625_chess_shrub_subform/field_3249367268740ee5e24b2.jpg,./Shrub_FieldPhotographs.zip/1573_Shrub_Landscape_FacingEast.jpg,./Shrub_FieldPhotographs.zip/1573_Shrub_Landscape_FacingSouth.jpg,./Shrub_FieldPhotographs.zip/1573_Shrub_Landscape_FacingWest.jpg,NA
shrub,UPTA: Rocky Brook (RB),1572,7/13/2025,9:47:00,88,Rosaceae-Dasiphora fruticosa,./Shrub_FieldPhotographs.zip/1572_Shrub_Whiteboard.jpg,https://5eae6d99ac972a7f9f39-bd6eca24a608a68763319e6efcdf3d9f.ssl.cf2.rackcdn.com/rmbl/507625/_data507625_chess_shrub_subform/field_71892046968740edf71112.jpg,./Shrub_FieldPhotographs.zip/1572_Shrub_Landscape_FacingEast.jpg,./Shrub_FieldPhotographs.zip/1572_Shrub_Landscape_FacingSouth.jpg,./Shrub_FieldPhotographs.zip/1572_Shrub_Landscape_FacingWest.jpg,NA
shrub,UPTA: Rocky Brook (RB),1571,7/13/2025,9:39:00,90,Rosaceae-Dasiphora fruticosa,./Shrub_FieldPhotographs.zip/1571_Shrub_Whiteboard.jpg,https://5eae6d99ac972a7f9f39-bd6eca24a608a68763319e6efcdf3d9f.ssl.cf2.rackcdn.com/rmbl/507625/_data507625_chess_shrub_subform/field_13418644368740ed979b43.jpg,./Shrub_FieldPhotographs.zip/1571_Shrub_Landscape_FacingEast.jpg,./Shrub_FieldPhotographs.zip/1571_Shrub_Landscape_FacingSouth.jpg,./Shrub_FieldPhotographs.zip/1571_Shrub_Landscape_FacingWest.jpg,NA
shrub,UPTA: Rocky Brook (RB),1570,7/13/2025,9:26:00,82,Salicaceae-Salix wolfii,./Shrub_FieldPhotographs.zip/1570_Shrub_Whiteboard.jpg,https://5eae6d99ac972a7f9f39-bd6eca24a608a68763319e6efcdf3d9f.ssl.cf2.rackcdn.com/rmbl/507625/_data507625_chess_shrub_subform/field_84767381768740ecfcb48c.jpg,./Shrub_FieldPhotographs.zip/1570_Shrub_Landscape_FacingEast.jpg,./Shrub_FieldPhotographs.zip/1570_Shrub_Landscape_FacingSouth.jpg,./Shrub_FieldPhotographs.zip/1570_Shrub_Landscape_FacingWest.jpg,NA
shrub,UPTA: Rocky Brook (RB),1569,7/13/2025,9:15:00,86,Salicaceae-Salix glauca,./Shrub_FieldPhotographs.zip/1569_Shrub_Whiteboard.jpg,https://5eae6d99ac972a7f9f39-bd6eca24a608a68763319e6efcdf3d9f.ssl.cf2.rackcdn.com/rmbl/507625/_data507625_chess_shrub_subform/field_210047360868740eb9e43e3.jpg,./Shrub_FieldPhotographs.zip/1569_Shrub_Landscape_FacingEast.jpg,./Shrub_FieldPhotographs.zip/1569_Shrub_Landscape_FacingSouth.jpg,./Shrub_FieldPhotographs.zip/1569_Shrub_Landscape_FacingWest.jpg,NA
shrub,UPTA: Rocky Brook (RB),1568,7/13/2025,8:55:00,99,Salicaceae-Salix planifolia,./Shrub_FieldPhotographs.zip/1568_Shrub_Whiteboard.jpg,https://5eae6d99ac972a7f9f39-bd6eca24a608a68763319e6efcdf3d9f.ssl.cf2.rackcdn.com/rmbl/507625/_data507625_chess_shrub_subform/field_13274556868740eb131b6c.jpg,./Shrub_FieldPhotographs.zip/1568_Shrub_Landscape_FacingEast.jpg,./Shrub_FieldPhotographs.zip/1568_Shrub_Landscape_FacingSouth.jpg,./Shrub_FieldPhotographs.zip/1568_Shrub_Landscape_FacingWest.jpg,NA
shrub,UPTA: Taylor River Road Lower (RL),1566,7/12/2025,12:14:00,94,Asteraceae-Artemisia tridentata,./Shrub_FieldPhotographs.zip/1566_Shrub_Whiteboard.jpg,https://5eae6d99ac972a7f9f39-bd6eca24a608a68763319e6efcdf3d9f.ssl.cf2.rackcdn.com/rmbl/507625/_data507625_chess_shrub_subform/field_181291436068740eac2d1a4.jpg,./Shrub_FieldPhotographs.zip/1566_Shrub_Landscape_FacingEast.jpg,./Shrub_FieldPhotographs.zip/1566_Shrub_Landscape_FacingSouth.jpg,./Shrub_FieldPhotographs.zip/1566_Shrub_Landscape_FacingWest.jpg,NA
shrub,UPTA: Taylor River Road Lower (RL),1567,7/12/2025,12:04:00,95,Salicaceae-Salix wolfii,./Shrub_FieldPhotographs.zip/1567_Shrub_Whiteboard.jpg,https://5eae6d99ac972a7f9f39-bd6eca24a608a68763319e6efcdf3d9f.ssl.cf2.rackcdn.com/rmbl/507625/_data507625_chess_shrub_subform/field_87563056068740e9d5a727.jpg,./Shrub_FieldPhotographs.zip/1567_Shrub_Landscape_FacingEast.jpg,./Shrub_FieldPhotographs.zip/1567_Shrub_Landscape_FacingSouth.jpg,./Shrub_FieldPhotographs.zip/1567_Shrub_Landscape_FacingWest.jpg,NA
shrub,UPTA: Taylor River Road Lower (RL),1565,7/12/2025,11:45:00,242,Salicaceae-Salix drummondiana,./Shrub_FieldPhotographs.zip/1565_Shrub_Whiteboard.jpg,https://5eae6d99ac972a7f9f39-bd6eca24a608a68763319e6efcdf3d9f.ssl.cf2.rackcdn.com/rmbl/507625/_data507625_chess_shrub_subform/field_1258444316872f80edb37f.jpg,./Shrub_FieldPhotographs.zip/1565_Shrub_Landscape_FacingEast.jpg,./Shrub_FieldPhotographs.zip/1565_Shrub_Landscape_FacingSouth.jpg,./Shrub_FieldPhotographs.zip/1565_Shrub_Landscape_FacingWest.jpg,NA
shrub,UPTA: Taylor River Road Lower (RL),1564,7/12/2025,11:28:00,314,Salicaceae-Salix drummondiana,./Shrub_FieldPhotographs.zip/1564_Shrub_Whiteboard.jpg,https://5eae6d99ac972a7f9f39-bd6eca24a608a68763319e6efcdf3d9f.ssl.cf2.rackcdn.com/rmbl/507625/_data507625_chess_shrub_subform/field_8502727896872f8012e9f1.jpg,./Shrub_FieldPhotographs.zip/1564_Shrub_Landscape_FacingEast.jpg,./Shrub_FieldPhotographs.zip/1564_Shrub_Landscape_FacingSouth.jpg,./Shrub_FieldPhotographs.zip/1564_Shrub_Landscape_FacingWest.jpg,NA
shrub,UPTA: Taylor River Road Lower (RL),1563,7/12/2025,11:15:00,82,Asteraceae-Artemisia cana,./Shrub_FieldPhotographs.zip/1563_Shrub_Whiteboard.jpg,https://5eae6d99ac972a7f9f39-bd6eca24a608a68763319e6efcdf3d9f.ssl.cf2.rackcdn.com/rmbl/507625/_data507625_chess_shrub_subform/field_8309513106872f7e8b115c.jpg,./Shrub_FieldPhotographs.zip/1563_Shrub_Landscape_FacingEast.jpg,./Shrub_FieldPhotographs.zip/1563_Shrub_Landscape_FacingSouth.jpg,./Shrub_FieldPhotographs.zip/1563_Shrub_Landscape_FacingWest.jpg,NA
shrub,UPTA: Taylor River Road Lower (RL),1562,7/12/2025,11:07:00,89,Asteraceae-Artemisia tridentata,./Shrub_FieldPhotographs.zip/1562_Shrub_Whiteboard.jpg,https://5eae6d99ac972a7f9f39-bd6eca24a608a68763319e6efcdf3d9f.ssl.cf2.rackcdn.com/rmbl/507625/_data507625_chess_shrub_subform/field_20165684336872f7e4321fa.jpg,./Shrub_FieldPhotographs.zip/1562_Shrub_Landscape_FacingEast.jpg,./Shrub_FieldPhotographs.zip/1562_Shrub_Landscape_FacingSouth.jpg,./Shrub_FieldPhotographs.zip/1562_Shrub_Landscape_FacingWest.jpg,NA
shrub,UPTA: Taylor River Road Lower (RL),1561,7/12/2025,11:01:00,132,Salicaceae-Salix wolfii,./Shrub_FieldPhotographs.zip/1561_Shrub_Whiteboard.jpg,https://5eae6d99ac972a7f9f39-bd6eca24a608a68763319e6efcdf3d9f.ssl.cf2.rackcdn.com/rmbl/507625/_data507625_chess_shrub_subform/field_3525629626872f7dd22192.jpg,./Shrub_FieldPhotographs.zip/1561_Shrub_Landscape_FacingEast.jpg,./Shrub_FieldPhotographs.zip/1561_Shrub_Landscape_FacingSouth.jpg,./Shrub_FieldPhotographs.zip/1561_Shrub_Landscape_FacingWest.jpg,NA
shrub,UPTA: Taylor River Road Lower (RL),1560,7/12/2025,10:55:00,104,Rosaceae-Dasiphora fruticosa,./Shrub_FieldPhotographs.zip/1560_Shrub_Whiteboard.jpg,https://5eae6d99ac972a7f9f39-bd6eca24a608a68763319e6efcdf3d9f.ssl.cf2.rackcdn.com/rmbl/507625/_data507625_chess_shrub_subform/field_18825832976872f7d893057.jpg,./Shrub_FieldPhotographs.zip/1560_Shrub_Landscape_FacingEast.jpg,./Shrub_FieldPhotographs.zip/1560_Shrub_Landscape_FacingSouth.jpg,./Shrub_FieldPhotographs.zip/1560_Shrub_Landscape_FacingWest.jpg,NA
shrub,UPTA: Taylor River Road Lower (RL),1559,7/12/2025,10:45:00,114,Salicaceae-Salix wolfii,./Shrub_FieldPhotographs.zip/1559_Shrub_Whiteboard.jpg,https://5eae6d99ac972a7f9f39-bd6eca24a608a68763319e6efcdf3d9f.ssl.cf2.rackcdn.com/rmbl/507625/_data507625_chess_shrub_subform/field_1629865746872f7d18a88e.jpg,./Shrub_FieldPhotographs.zip/1559_Shrub_Landscape_FacingEast.jpg,./Shrub_FieldPhotographs.zip/1559_Shrub_Landscape_FacingSouth.jpg,./Shrub_FieldPhotographs.zip/1559_Shrub_Landscape_FacingWest.jpg,NA
shrub,UPTA: Taylor River Road Lower (RL),1558,7/12/2025,10:35:00,143,Salicaceae-Salix wolfii,./Shrub_FieldPhotographs.zip/1558_Shrub_Whiteboard.jpg,https://5eae6d99ac972a7f9f39-bd6eca24a608a68763319e6efcdf3d9f.ssl.cf2.rackcdn.com/rmbl/507625/_data507625_chess_shrub_subform/field_961180716872f7c78f74f.jpg,./Shrub_FieldPhotographs.zip/1558_Shrub_Landscape_FacingEast.jpg,./Shrub_FieldPhotographs.zip/1558_Shrub_Landscape_FacingSouth.jpg,./Shrub_FieldPhotographs.zip/1558_Shrub_Landscape_FacingWest.jpg,NA
shrub,UPTA: Taylor River Road Lower (RL),1557,7/12/2025,10:29:00,74,Rosaceae-Dasiphora fruticosa,./Shrub_FieldPhotographs.zip/1557_Shrub_Whiteboard.jpg,https://5eae6d99ac972a7f9f39-bd6eca24a608a68763319e6efcdf3d9f.ssl.cf2.rackcdn.com/rmbl/507625/_data507625_chess_shrub_subform/field_4549222646872f7c2de82d.jpg,./Shrub_FieldPhotographs.zip/1557_Shrub_Landscape_FacingEast.jpg,./Shrub_FieldPhotographs.zip/1557_Shrub_Landscape_FacingSouth.jpg,./Shrub_FieldPhotographs.zip/1557_Shrub_Landscape_FacingWest.jpg,NA
shrub,UPTA: Taylor River Road Lower (RL),1556,7/12/2025,9:57:00,154,Salicaceae-Salix wolfii,./Shrub_FieldPhotographs.zip/1556_Shrub_Whiteboard.jpg,https://5eae6d99ac972a7f9f39-bd6eca24a608a68763319e6efcdf3d9f.ssl.cf2.rackcdn.com/rmbl/507625/_data507625_chess_shrub_subform/field_21259452686872f7bae8614.jpg,./Shrub_FieldPhotographs.zip/1556_Shrub_Landscape_FacingEast.jpg,./Shrub_FieldPhotographs.zip/1556_Shrub_Landscape_FacingSouth.jpg,./Shrub_FieldPhotographs.zip/1556_Shrub_Landscape_FacingWest.jpg,NA
shrub,UPTA: Taylor River Road Lower (RL),1555,7/12/2025,9:41:00,115,Salicaceae-Salix wolfii,./Shrub_FieldPhotographs.zip/1555_Shrub_Whiteboard.jpg,https://5eae6d99ac972a7f9f39-bd6eca24a608a68763319e6efcdf3d9f.ssl.cf2.rackcdn.com/rmbl/507625/_data507625_chess_shrub_subform/field_20126443696872f7b0a19ac.jpg,./Shrub_FieldPhotographs.zip/1555_Shrub_Landscape_FacingEast.jpg,./Shrub_FieldPhotographs.zip/1555_Shrub_Landscape_FacingSouth.jpg,./Shrub_FieldPhotographs.zip/1555_Shrub_Landscape_FacingWest.jpg,NA
shrub,UPTA: Taylor River Road Lower (RL),1554,7/12/2025,9:26:00,119,Salicaceae-Salix glauca,./Shrub_FieldPhotographs.zip/1554_Shrub_Whiteboard.jpg,https://5eae6d99ac972a7f9f39-bd6eca24a608a68763319e6efcdf3d9f.ssl.cf2.rackcdn.com/rmbl/507625/_data507625_chess_shrub_subform/field_20392715156872f7a845a45.jpg,./Shrub_FieldPhotographs.zip/1554_Shrub_Landscape_FacingEast.jpg,./Shrub_FieldPhotographs.zip/1554_Shrub_Landscape_FacingSouth.jpg,./Shrub_FieldPhotographs.zip/1554_Shrub_Landscape_FacingWest.jpg,NA
shrub,UPTA: Taylor River Road Lower (RL),1553,7/12/2025,9:07:00,120,Salicaceae-Salix wolfii,./Shrub_FieldPhotographs.zip/1553_Shrub_Whiteboard.jpg,https://5eae6d99ac972a7f9f39-bd6eca24a608a68763319e6efcdf3d9f.ssl.cf2.rackcdn.com/rmbl/507625/_data507625_chess_shrub_subform/field_9259086416872f7a076010.jpg,./Shrub_FieldPhotographs.zip/1553_Shrub_Landscape_FacingEast.jpg,./Shrub_FieldPhotographs.zip/1553_Shrub_Landscape_FacingSouth.jpg,./Shrub_FieldPhotographs.zip/1553_Shrub_Landscape_FacingWest.jpg,NA
shrub,UPTA: Trail Creek (TK),1552,7/11/2025,11:36:00,82,Salicaceae-Salix wolfii,./Shrub_FieldPhotographs.zip/1552_Shrub_Whiteboard.jpg,https://5eae6d99ac972a7f9f39-bd6eca24a608a68763319e6efcdf3d9f.ssl.cf2.rackcdn.com/rmbl/507625/_data507625_chess_shrub_subform/field_2784044606871b730c6ee6.jpg,./Shrub_FieldPhotographs.zip/1552_Shrub_Landscape_FacingEast.jpg,./Shrub_FieldPhotographs.zip/1552_Shrub_Landscape_FacingSouth.jpg,./Shrub_FieldPhotographs.zip/1552_Shrub_Landscape_FacingWest.jpg,NA
shrub,UPTA: Trail Creek (TK),1551,7/11/2025,11:23:00,112,Salicaceae-Salix planifolia,./Shrub_FieldPhotographs.zip/1551_Shrub_Whiteboard.jpg,https://5eae6d99ac972a7f9f39-bd6eca24a608a68763319e6efcdf3d9f.ssl.cf2.rackcdn.com/rmbl/507625/_data507625_chess_shrub_subform/field_20671872436871b728a9ed9.jpg,./Shrub_FieldPhotographs.zip/1551_Shrub_Landscape_FacingEast.jpg,./Shrub_FieldPhotographs.zip/1551_Shrub_Landscape_FacingSouth.jpg,./Shrub_FieldPhotographs.zip/1551_Shrub_Landscape_FacingWest.jpg,NA
shrub,UPTA: Trail Creek (TK),1550,7/11/2025,10:56:00,56,Salicaceae-Salix wolfii,./Shrub_FieldPhotographs.zip/1550_Shrub_Whiteboard.jpg,https://5eae6d99ac972a7f9f39-bd6eca24a608a68763319e6efcdf3d9f.ssl.cf2.rackcdn.com/rmbl/507625/_data507625_chess_shrub_subform/field_5606783016871b71e30bb9.jpg,./Shrub_FieldPhotographs.zip/1550_Shrub_Landscape_FacingEast.jpg,./Shrub_FieldPhotographs.zip/1550_Shrub_Landscape_FacingSouth.jpg,./Shrub_FieldPhotographs.zip/1550_Shrub_Landscape_FacingWest.jpg,NA
shrub,UPTA: Trail Creek (TK),1549,7/11/2025,10:41:00,97,Salicaceae-Salix wolfii,./Shrub_FieldPhotographs.zip/1549_Shrub_Whiteboard.jpg,https://5eae6d99ac972a7f9f39-bd6eca24a608a68763319e6efcdf3d9f.ssl.cf2.rackcdn.com/rmbl/507625/_data507625_chess_shrub_subform/field_11063273186871b710b87b1.jpg,./Shrub_FieldPhotographs.zip/1549_Shrub_Landscape_FacingEast.jpg,./Shrub_FieldPhotographs.zip/1549_Shrub_Landscape_FacingSouth.jpg,./Shrub_FieldPhotographs.zip/1549_Shrub_Landscape_FacingWest.jpg,NA
shrub,UPTA: Trail Creek (TK),1548,7/11/2025,10:23:00,116,Salicaceae-Salix wolfii,./Shrub_FieldPhotographs.zip/1548_Shrub_Whiteboard.jpg,https://5eae6d99ac972a7f9f39-bd6eca24a608a68763319e6efcdf3d9f.ssl.cf2.rackcdn.com/rmbl/507625/_data507625_chess_shrub_subform/field_19911679136871b702ef19b.jpg,./Shrub_FieldPhotographs.zip/1548_Shrub_Landscape_FacingEast.jpg,./Shrub_FieldPhotographs.zip/1548_Shrub_Landscape_FacingSouth.jpg,./Shrub_FieldPhotographs.zip/1548_Shrub_Landscape_FacingWest.jpg,NA
shrub,UPTA: Trail Creek (TK),1547,7/11/2025,10:06:00,99,Salicaceae-Salix wolfii,./Shrub_FieldPhotographs.zip/1547_Shrub_Whiteboard.jpg,https://5eae6d99ac972a7f9f39-bd6eca24a608a68763319e6efcdf3d9f.ssl.cf2.rackcdn.com/rmbl/507625/_data507625_chess_shrub_subform/field_3877244856871b6e77731b.jpg,./Shrub_FieldPhotographs.zip/1547_Shrub_Landscape_FacingEast.jpg,./Shrub_FieldPhotographs.zip/1547_Shrub_Landscape_FacingSouth.jpg,./Shrub_FieldPhotographs.zip/1547_Shrub_Landscape_FacingWest.jpg,NA
shrub,UPTA: Trail Creek (TK),1546,7/11/2025,9:52:00,67,Rosaceae-Dasiphora fruticosa,./Shrub_FieldPhotographs.zip/1546_Shrub_Whiteboard.jpg,https://5eae6d99ac972a7f9f39-bd6eca24a608a68763319e6efcdf3d9f.ssl.cf2.rackcdn.com/rmbl/507625/_data507625_chess_shrub_subform/field_9250374556871b6d3eded3.jpg,./Shrub_FieldPhotographs.zip/1546_Shrub_Landscape_FacingEast.jpg,./Shrub_FieldPhotographs.zip/1546_Shrub_Landscape_FacingSouth.jpg,./Shrub_FieldPhotographs.zip/1546_Shrub_Landscape_FacingWest.jpg,NA
shrub,UPTA: Trail Creek (TK),1545,7/11/2025,9:41:00,57,Asteraceae-Artemisia cana,./Shrub_FieldPhotographs.zip/1545_Shrub_Whiteboard.jpg,https://5eae6d99ac972a7f9f39-bd6eca24a608a68763319e6efcdf3d9f.ssl.cf2.rackcdn.com/rmbl/507625/_data507625_chess_shrub_subform/field_5011107726871b6ce2b1e1.jpg,./Shrub_FieldPhotographs.zip/1545_Shrub_Landscape_FacingEast.jpg,./Shrub_FieldPhotographs.zip/1545_Shrub_Landscape_FacingSouth.jpg,./Shrub_FieldPhotographs.zip/1545_Shrub_Landscape_FacingWest.jpg,NA
shrub,UPTA: Trail Creek (TK),1544,7/11/2025,9:28:00,54,Rosaceae-Dasiphora fruticosa,./Shrub_FieldPhotographs.zip/1544_Shrub_Whiteboard.jpg,https://5eae6d99ac972a7f9f39-bd6eca24a608a68763319e6efcdf3d9f.ssl.cf2.rackcdn.com/rmbl/507625/_data507625_chess_shrub_subform/field_9980310036871b6c82d6e4.jpg,./Shrub_FieldPhotographs.zip/1544_Shrub_Landscape_FacingEast.jpg,./Shrub_FieldPhotographs.zip/1544_Shrub_Landscape_FacingSouth.jpg,./Shrub_FieldPhotographs.zip/1544_Shrub_Landscape_FacingWest.jpg,NA
shrub,UPTA: Trail Creek (TK),1543,7/11/2025,9:15:00,59,Salicaceae-Salix wolfii,./Shrub_FieldPhotographs.zip/1543_Shrub_Whiteboard.jpg,https://5eae6d99ac972a7f9f39-bd6eca24a608a68763319e6efcdf3d9f.ssl.cf2.rackcdn.com/rmbl/507625/_data507625_chess_shrub_subform/field_4578203486871b6be239de.jpg,./Shrub_FieldPhotographs.zip/1543_Shrub_Landscape_FacingEast.jpg,./Shrub_FieldPhotographs.zip/1543_Shrub_Landscape_FacingSouth.jpg,./Shrub_FieldPhotographs.zip/1543_Shrub_Landscape_FacingWest.jpg,NA
shrub,CRBU: Schofield Park (SP),1542,7/9/2025,11:02:00,103,Salicaceae-Salix glauca,./Shrub_FieldPhotographs.zip/1542_Shrub_Whiteboard.jpg,https://5eae6d99ac972a7f9f39-bd6eca24a608a68763319e6efcdf3d9f.ssl.cf2.rackcdn.com/rmbl/507625/_data507625_chess_shrub_subform/field_1322447526686eb8bd95d2f.jpg,./Shrub_FieldPhotographs.zip/1542_Shrub_Landscape_FacingEast.jpg,./Shrub_FieldPhotographs.zip/1542_Shrub_Landscape_FacingSouth.jpg,./Shrub_FieldPhotographs.zip/1542_Shrub_Landscape_FacingWest.jpg,NA
shrub,CRBU: Schofield Park (SP),1541,7/9/2025,10:39:00,84,Grossulariaceae-Ribes montigenum,./Shrub_FieldPhotographs.zip/1541_Shrub_Whiteboard.jpg,https://5eae6d99ac972a7f9f39-bd6eca24a608a68763319e6efcdf3d9f.ssl.cf2.rackcdn.com/rmbl/507625/_data507625_chess_shrub_subform/field_1482727511686eb8b58a67e.jpg,./Shrub_FieldPhotographs.zip/1541_Shrub_Landscape_FacingEast.jpg,./Shrub_FieldPhotographs.zip/1541_Shrub_Landscape_FacingSouth.jpg,./Shrub_FieldPhotographs.zip/1541_Shrub_Landscape_FacingWest.jpg,NA
shrub,CRBU: Schofield Park (SP),1540,7/9/2025,10:29:00,267,Betulaceae-Betula glandulosa,./Shrub_FieldPhotographs.zip/1540_Shrub_Whiteboard.jpg,https://5eae6d99ac972a7f9f39-bd6eca24a608a68763319e6efcdf3d9f.ssl.cf2.rackcdn.com/rmbl/507625/_data507625_chess_shrub_subform/field_272718783686eb8b06c1d6.jpg,./Shrub_FieldPhotographs.zip/1540_Shrub_Landscape_FacingEast.jpg,./Shrub_FieldPhotographs.zip/1540_Shrub_Landscape_FacingSouth.jpg,./Shrub_FieldPhotographs.zip/1540_Shrub_Landscape_FacingWest.jpg,NA
shrub,CRBU: Schofield Park (SP),1539,7/9/2025,10:20:00,147,Salicaceae-Salix monticola,./Shrub_FieldPhotographs.zip/1539_Shrub_Whiteboard.jpg,https://5eae6d99ac972a7f9f39-bd6eca24a608a68763319e6efcdf3d9f.ssl.cf2.rackcdn.com/rmbl/507625/_data507625_chess_shrub_subform/field_179038288686eb8a31c5bd.jpg,./Shrub_FieldPhotographs.zip/1539_Shrub_Landscape_FacingEast.jpg,./Shrub_FieldPhotographs.zip/1539_Shrub_Landscape_FacingSouth.jpg,./Shrub_FieldPhotographs.zip/1539_Shrub_Landscape_FacingWest.jpg,NA
shrub,CRBU: Schofield Park (SP),1538,7/9/2025,10:11:00,121,Betulaceae-Betula glandulosa,./Shrub_FieldPhotographs.zip/1538_Shrub_Whiteboard.jpg,https://5eae6d99ac972a7f9f39-bd6eca24a608a68763319e6efcdf3d9f.ssl.cf2.rackcdn.com/rmbl/507625/_data507625_chess_shrub_subform/field_1942933955686eb89b095e1.jpg,./Shrub_FieldPhotographs.zip/1538_Shrub_Landscape_FacingEast.jpg,./Shrub_FieldPhotographs.zip/1538_Shrub_Landscape_FacingSouth.jpg,./Shrub_FieldPhotographs.zip/1538_Shrub_Landscape_FacingWest.jpg,NA
shrub,CRBU: Schofield Park (SP),1537,7/9/2025,10:04:00,67,Rosaceae-Dasiphora fruticosa,./Shrub_FieldPhotographs.zip/1537_Shrub_Whiteboard.jpg,https://5eae6d99ac972a7f9f39-bd6eca24a608a68763319e6efcdf3d9f.ssl.cf2.rackcdn.com/rmbl/507625/_data507625_chess_shrub_subform/field_1864939752686eb89589dc5.jpg,./Shrub_FieldPhotographs.zip/1537_Shrub_Landscape_FacingEast.jpg,./Shrub_FieldPhotographs.zip/1537_Shrub_Landscape_FacingSouth.jpg,./Shrub_FieldPhotographs.zip/1537_Shrub_Landscape_FacingWest.jpg,NA
shrub,CRBU: Schofield Park (SP),1536,7/9/2025,9:51:00,70,Cupressaceae-Juniperus communis,./Shrub_FieldPhotographs.zip/1536_Shrub_Whiteboard.jpg,https://5eae6d99ac972a7f9f39-bd6eca24a608a68763319e6efcdf3d9f.ssl.cf2.rackcdn.com/rmbl/507625/_data507625_chess_shrub_subform/field_1010586086686eb88e0935e.jpg,./Shrub_FieldPhotographs.zip/1536_Shrub_Landscape_FacingEast.jpg,./Shrub_FieldPhotographs.zip/1536_Shrub_Landscape_FacingSouth.jpg,./Shrub_FieldPhotographs.zip/1536_Shrub_Landscape_FacingWest.jpg,NA
shrub,CRBU: Schofield Park (SP),1535,7/9/2025,9:38:00,52,Rosaceae-Dasiphora fruticosa,./Shrub_FieldPhotographs.zip/1535_Shrub_Whiteboard.jpg,https://5eae6d99ac972a7f9f39-bd6eca24a608a68763319e6efcdf3d9f.ssl.cf2.rackcdn.com/rmbl/507625/_data507625_chess_shrub_subform/field_884231667686eb88755904.jpg,./Shrub_FieldPhotographs.zip/1535_Shrub_Landscape_FacingEast.jpg,./Shrub_FieldPhotographs.zip/1535_Shrub_Landscape_FacingSouth.jpg,./Shrub_FieldPhotographs.zip/1535_Shrub_Landscape_FacingWest.jpg,NA
shrub,CRBU: Schofield Park (SP),1534,7/9/2025,9:25:00,233,Betulaceae-Betula glandulosa,./Shrub_FieldPhotographs.zip/1534_Shrub_Whiteboard.jpg,https://5eae6d99ac972a7f9f39-bd6eca24a608a68763319e6efcdf3d9f.ssl.cf2.rackcdn.com/rmbl/507625/_data507625_chess_shrub_subform/field_637338777686eb8830aaba.jpg,./Shrub_FieldPhotographs.zip/1534_Shrub_Landscape_FacingEast.jpg,./Shrub_FieldPhotographs.zip/1534_Shrub_Landscape_FacingSouth.jpg,./Shrub_FieldPhotographs.zip/1534_Shrub_Landscape_FacingWest.jpg,NA
shrub,CRBU: Schofield Park (SP),1533,7/9/2025,8:59:00,159,Betulaceae-Betula glandulosa,./Shrub_FieldPhotographs.zip/1533_Shrub_Whiteboard.jpg,https://5eae6d99ac972a7f9f39-bd6eca24a608a68763319e6efcdf3d9f.ssl.cf2.rackcdn.com/rmbl/507625/_data507625_chess_shrub_subform/field_741169804686eb87d1de6e.jpg,./Shrub_FieldPhotographs.zip/1533_Shrub_Landscape_FacingEast.jpg,./Shrub_FieldPhotographs.zip/1533_Shrub_Landscape_FacingSouth.jpg,./Shrub_FieldPhotographs.zip/1533_Shrub_Landscape_FacingWest.jpg,NA
shrub,CRBU: Schofield Park (SP),1532,7/9/2025,8:43:00,82,Caprifoliaceae-Lonicera involucrata,./Shrub_FieldPhotographs.zip/1532_Shrub_Whiteboard.jpg,https://5eae6d99ac972a7f9f39-bd6eca24a608a68763319e6efcdf3d9f.ssl.cf2.rackcdn.com/rmbl/507625/_data507625_chess_shrub_subform/field_859263487686eb87615c52.jpg,./Shrub_FieldPhotographs.zip/1532_Shrub_Landscape_FacingEast.jpg,./Shrub_FieldPhotographs.zip/1532_Shrub_Landscape_FacingSouth.jpg,./Shrub_FieldPhotographs.zip/1532_Shrub_Landscape_FacingWest.jpg,NA
shrub,CRBU: North Pole Basin (NB),1531,7/8/2025,11:40:00,196,Salicaceae-Salix planifolia,./Shrub_FieldPhotographs.zip/1531_Shrub_Whiteboard.jpg,https://5eae6d99ac972a7f9f39-bd6eca24a608a68763319e6efcdf3d9f.ssl.cf2.rackcdn.com/rmbl/507625/_data507625_chess_shrub_subform/field_1494296105686d72d4a9f7f.jpg,./Shrub_FieldPhotographs.zip/1531_Shrub_Landscape_FacingEast.jpg,./Shrub_FieldPhotographs.zip/1531_Shrub_Landscape_FacingSouth.jpg,./Shrub_FieldPhotographs.zip/1531_Shrub_Landscape_FacingWest.jpg,NA
shrub,CRBU: North Pole Basin (NB),1530,7/8/2025,11:30:00,91,Salicaceae-Salix glauca,./Shrub_FieldPhotographs.zip/1530_Shrub_Whiteboard.jpg,https://5eae6d99ac972a7f9f39-bd6eca24a608a68763319e6efcdf3d9f.ssl.cf2.rackcdn.com/rmbl/507625/_data507625_chess_shrub_subform/field_877822542686d72cc02192.jpg,./Shrub_FieldPhotographs.zip/1530_Shrub_Landscape_FacingEast.jpg,./Shrub_FieldPhotographs.zip/1530_Shrub_Landscape_FacingSouth.jpg,./Shrub_FieldPhotographs.zip/1530_Shrub_Landscape_FacingWest.jpg,NA
shrub,CRBU: North Pole Basin (NB),1529,7/8/2025,11:09:00,121,Viburnaceae-Sambucus racemosa,./Shrub_FieldPhotographs.zip/1529_Shrub_Whiteboard.jpg,https://5eae6d99ac972a7f9f39-bd6eca24a608a68763319e6efcdf3d9f.ssl.cf2.rackcdn.com/rmbl/507625/_data507625_chess_shrub_subform/field_12004300686d72c665725.jpg,./Shrub_FieldPhotographs.zip/1529_Shrub_Landscape_FacingEast.jpg,./Shrub_FieldPhotographs.zip/1529_Shrub_Landscape_FacingSouth.jpg,./Shrub_FieldPhotographs.zip/1529_Shrub_Landscape_FacingWest.jpg,NA
shrub,CRBU: North Pole Basin (NB),1528,7/8/2025,10:52:00,78,Grossulariaceae-Ribes montigenum,./Shrub_FieldPhotographs.zip/1528_Shrub_Whiteboard.jpg,https://5eae6d99ac972a7f9f39-bd6eca24a608a68763319e6efcdf3d9f.ssl.cf2.rackcdn.com/rmbl/507625/_data507625_chess_shrub_subform/field_811119356686d72c08580e.jpg,./Shrub_FieldPhotographs.zip/1528_Shrub_Landscape_FacingEast.jpg,./Shrub_FieldPhotographs.zip/1528_Shrub_Landscape_FacingSouth.jpg,./Shrub_FieldPhotographs.zip/1528_Shrub_Landscape_FacingWest.jpg,NA
shrub,CRBU: North Pole Basin (NB),1527,7/8/2025,10:40:00,147,Viburnaceae-Sambucus racemosa,./Shrub_FieldPhotographs.zip/1527_Shrub_Whiteboard.jpg,https://5eae6d99ac972a7f9f39-bd6eca24a608a68763319e6efcdf3d9f.ssl.cf2.rackcdn.com/rmbl/507625/_data507625_chess_shrub_subform/field_189405814686d72b71ec6f.jpg,./Shrub_FieldPhotographs.zip/1527_Shrub_Landscape_FacingEast.jpg,./Shrub_FieldPhotographs.zip/1527_Shrub_Landscape_FacingSouth.jpg,./Shrub_FieldPhotographs.zip/1527_Shrub_Landscape_FacingWest.jpg,NA
shrub,CRBU: North Pole Basin (NB),1526,7/8/2025,10:15:00,140,Grossulariaceae-Ribes wolfii,./Shrub_FieldPhotographs.zip/1526_Shrub_Whiteboard.jpg,https://5eae6d99ac972a7f9f39-bd6eca24a608a68763319e6efcdf3d9f.ssl.cf2.rackcdn.com/rmbl/507625/_data507625_chess_shrub_subform/field_1950370697686d72b08bd2f.jpg,./Shrub_FieldPhotographs.zip/1526_Shrub_Landscape_FacingEast.jpg,./Shrub_FieldPhotographs.zip/1526_Shrub_Landscape_FacingSouth.jpg,./Shrub_FieldPhotographs.zip/1526_Shrub_Landscape_FacingWest.jpg,NA
shrub,CRBU: North Pole Basin (NB),1525,7/8/2025,9:52:00,109,Grossulariaceae-Ribes wolfii,./Shrub_FieldPhotographs.zip/1525_Shrub_Whiteboard.jpg,https://5eae6d99ac972a7f9f39-bd6eca24a608a68763319e6efcdf3d9f.ssl.cf2.rackcdn.com/rmbl/507625/_data507625_chess_shrub_subform/field_1342713497686d72a4f3976.jpg,./Shrub_FieldPhotographs.zip/1525_Shrub_Landscape_FacingEast.jpg,./Shrub_FieldPhotographs.zip/1525_Shrub_Landscape_FacingSouth.jpg,./Shrub_FieldPhotographs.zip/1525_Shrub_Landscape_FacingWest.jpg,NA
shrub,CRBU: North Pole Basin (NB),1524,7/8/2025,9:37:00,67,Caprifoliaceae-Lonicera involucrata,./Shrub_FieldPhotographs.zip/1524_Shrub_Whiteboard.jpg,https://5eae6d99ac972a7f9f39-bd6eca24a608a68763319e6efcdf3d9f.ssl.cf2.rackcdn.com/rmbl/507625/_data507625_chess_shrub_subform/field_406514535686d729c271d7.jpg,./Shrub_FieldPhotographs.zip/1524_Shrub_Landscape_FacingEast.jpg,./Shrub_FieldPhotographs.zip/1524_Shrub_Landscape_FacingSouth.jpg,./Shrub_FieldPhotographs.zip/1524_Shrub_Landscape_FacingWest.jpg,NA
shrub,CRBU: North Pole Basin (NB),1523,7/8/2025,9:22:00,232,Salicaceae-Salix planifolia,./Shrub_FieldPhotographs.zip/1523_Shrub_Whiteboard.jpg,https://5eae6d99ac972a7f9f39-bd6eca24a608a68763319e6efcdf3d9f.ssl.cf2.rackcdn.com/rmbl/507625/_data507625_chess_shrub_subform/field_658405407686d7290afe05.jpg,./Shrub_FieldPhotographs.zip/1523_Shrub_Landscape_FacingEast.jpg,./Shrub_FieldPhotographs.zip/1523_Shrub_Landscape_FacingSouth.jpg,./Shrub_FieldPhotographs.zip/1523_Shrub_Landscape_FacingWest.jpg,NA
shrub,CRBU: South Baldy (SB),1502,7/1/2025,10:41:00,128,Salicaceae-Salix monticola,./Shrub_FieldPhotographs.zip/1502_Shrub_Whiteboard.jpg,https://5eae6d99ac972a7f9f39-bd6eca24a608a68763319e6efcdf3d9f.ssl.cf2.rackcdn.com/rmbl/507625/_data507625_chess_shrub_subform/field_1003526123686d1a1e65c9b.jpg,./Shrub_FieldPhotographs.zip/1502_Shrub_Landscape_FacingEast.jpg,./Shrub_FieldPhotographs.zip/1502_Shrub_Landscape_FacingSouth.jpg,./Shrub_FieldPhotographs.zip/1502_Shrub_Landscape_FacingWest.jpg,NA
shrub,CRBU: Carbon Creek (CR),1518,7/7/2025,9:50:00,159,Viburnaceae-Sambucus racemosa,./Shrub_FieldPhotographs.zip/1518_Shrub_Whiteboard.jpg,https://5eae6d99ac972a7f9f39-bd6eca24a608a68763319e6efcdf3d9f.ssl.cf2.rackcdn.com/rmbl/507625/_data507625_chess_shrub_subform/field_116565671686d19e13ecfc.jpg,./Shrub_FieldPhotographs.zip/1518_Shrub_Landscape_FacingEast.jpg,./Shrub_FieldPhotographs.zip/1518_Shrub_Landscape_FacingSouth.jpg,./Shrub_FieldPhotographs.zip/1518_Shrub_Landscape_FacingWest.jpg,NA
shrub,CRBU: Carbon Creek (CR),1514,7/7/2025,10:47:00,132,Viburnaceae-Sambucus racemosa,./Shrub_FieldPhotographs.zip/1514_Shrub_Whiteboard.jpg,https://5eae6d99ac972a7f9f39-bd6eca24a608a68763319e6efcdf3d9f.ssl.cf2.rackcdn.com/rmbl/507625/_data507625_chess_shrub_subform/field_657903818686d19c571c15.jpg,./Shrub_FieldPhotographs.zip/1514_Shrub_Landscape_FacingEast.jpg,./Shrub_FieldPhotographs.zip/1514_Shrub_Landscape_FacingSouth.jpg,./Shrub_FieldPhotographs.zip/1514_Shrub_Landscape_FacingWest.jpg,NA
shrub,CRBU: Carbon Creek (CR),1522,7/7/2025,10:35:00,250,Salicaceae-Salix boothii,./Shrub_FieldPhotographs.zip/1522_Shrub_Whiteboard.jpg,https://5eae6d99ac972a7f9f39-bd6eca24a608a68763319e6efcdf3d9f.ssl.cf2.rackcdn.com/rmbl/507625/_data507625_chess_shrub_subform/field_777395579686d19bc95dc8.jpg,./Shrub_FieldPhotographs.zip/1522_Shrub_Landscape_FacingEast.jpg,./Shrub_FieldPhotographs.zip/1522_Shrub_Landscape_FacingSouth.jpg,./Shrub_FieldPhotographs.zip/1522_Shrub_Landscape_FacingWest.jpg,NA
shrub,CRBU: Carbon Creek (CR),1521,7/7/2025,10:24:00,350,Betulaceae-Alnus incana,./Shrub_FieldPhotographs.zip/1521_Shrub_Whiteboard.jpg,https://5eae6d99ac972a7f9f39-bd6eca24a608a68763319e6efcdf3d9f.ssl.cf2.rackcdn.com/rmbl/507625/_data507625_chess_shrub_subform/field_128921549686d19b63e983.jpg,./Shrub_FieldPhotographs.zip/1521_Shrub_Landscape_FacingEast.jpg,./Shrub_FieldPhotographs.zip/1521_Shrub_Landscape_FacingSouth.jpg,./Shrub_FieldPhotographs.zip/1521_Shrub_Landscape_FacingWest.jpg,Same species as 1515 & 1516 - Alder
shrub,CRBU: Carbon Creek (CR),1520,7/7/2025,10:08:00,105,Caprifoliaceae-Symphoricarpos rotundifolius,./Shrub_FieldPhotographs.zip/1520_Shrub_Whiteboard.jpg,https://5eae6d99ac972a7f9f39-bd6eca24a608a68763319e6efcdf3d9f.ssl.cf2.rackcdn.com/rmbl/507625/_data507625_chess_shrub_subform/field_2102317823686d19b0df148.jpg,./Shrub_FieldPhotographs.zip/1520_Shrub_Landscape_FacingEast.jpg,./Shrub_FieldPhotographs.zip/1520_Shrub_Landscape_FacingSouth.jpg,./Shrub_FieldPhotographs.zip/1520_Shrub_Landscape_FacingWest.jpg,Same species as 1517
shrub,CRBU: Carbon Creek (CR),1519,7/7/2025,9:59:00,103,Cupressaceae-Juniperus communis,./Shrub_FieldPhotographs.zip/1519_Shrub_Whiteboard.jpg,https://5eae6d99ac972a7f9f39-bd6eca24a608a68763319e6efcdf3d9f.ssl.cf2.rackcdn.com/rmbl/507625/_data507625_chess_shrub_subform/field_560010839686d197e3035d.jpg,./Shrub_FieldPhotographs.zip/1519_Shrub_Landscape_FacingEast.jpg,./Shrub_FieldPhotographs.zip/1519_Shrub_Landscape_FacingSouth.jpg,./Shrub_FieldPhotographs.zip/1519_Shrub_Landscape_FacingWest.jpg,NA
shrub,CRBU: Carbon Creek (CR),1517,7/7/2025,9:42:00,119,Caprifoliaceae-Symphoricarpos rotundifolius,./Shrub_FieldPhotographs.zip/1517_Shrub_Whiteboard.jpg,https://5eae6d99ac972a7f9f39-bd6eca24a608a68763319e6efcdf3d9f.ssl.cf2.rackcdn.com/rmbl/507625/_data507625_chess_shrub_subform/field_742324389686c4bd47c37e.jpg,./Shrub_FieldPhotographs.zip/1517_Shrub_Landscape_FacingEast.jpg,./Shrub_FieldPhotographs.zip/1517_Shrub_Landscape_FacingSouth.jpg,./Shrub_FieldPhotographs.zip/1517_Shrub_Landscape_FacingWest.jpg,NA
shrub,CRBU: Carbon Creek (CR),1516,7/7/2025,9:24:00,427,Betulaceae-Alnus incana,./Shrub_FieldPhotographs.zip/1516_Shrub_Whiteboard.jpg,https://5eae6d99ac972a7f9f39-bd6eca24a608a68763319e6efcdf3d9f.ssl.cf2.rackcdn.com/rmbl/507625/_data507625_chess_shrub_subform/field_1034123608686c4bb3d5f73.jpg,./Shrub_FieldPhotographs.zip/1516_Shrub_Landscape_FacingEast.jpg,./Shrub_FieldPhotographs.zip/1516_Shrub_Landscape_FacingSouth.jpg,./Shrub_FieldPhotographs.zip/1516_Shrub_Landscape_FacingWest.jpg,NA
shrub,CRBU: Carbon Creek (CR),1515,7/7/2025,9:04:00,400,Betulaceae-Alnus incana,./Shrub_FieldPhotographs.zip/1515_Shrub_Whiteboard.jpg,https://5eae6d99ac972a7f9f39-bd6eca24a608a68763319e6efcdf3d9f.ssl.cf2.rackcdn.com/rmbl/507625/_data507625_chess_shrub_subform/field_1231447890686c4bab0fe0f.jpg,./Shrub_FieldPhotographs.zip/1515_Shrub_Landscape_FacingEast.jpg,./Shrub_FieldPhotographs.zip/1515_Shrub_Landscape_FacingSouth.jpg,./Shrub_FieldPhotographs.zip/1515_Shrub_Landscape_FacingWest.jpg,NA
shrub,CRBU: Carbon Creek (CR),1513,7/7/2025,8:31:00,113,Rosaceae-Rubus idaeus,./Shrub_FieldPhotographs.zip/1513_Shrub_Whiteboard.jpg,https://5eae6d99ac972a7f9f39-bd6eca24a608a68763319e6efcdf3d9f.ssl.cf2.rackcdn.com/rmbl/507625/_data507625_chess_shrub_subform/field_2017105660686c4ba639d3c.jpg,./Shrub_FieldPhotographs.zip/1513_Shrub_Landscape_FacingEast.jpg,./Shrub_FieldPhotographs.zip/1513_Shrub_Landscape_FacingSouth.jpg,./Shrub_FieldPhotographs.zip/1513_Shrub_Landscape_FacingWest.jpg,Check species ID
shrub,CRBU: Paradise Basin (PB),1509,7/6/2025,10:51:00,139,Salicaceae-Salix glauca,./Shrub_FieldPhotographs.zip/1509_Shrub_Whiteboard.jpg,https://5eae6d99ac972a7f9f39-bd6eca24a608a68763319e6efcdf3d9f.ssl.cf2.rackcdn.com/rmbl/507625/_data507625_chess_shrub_subform/field_1737162223686ade8b11321.jpg,./Shrub_FieldPhotographs.zip/1509_Shrub_Landscape_FacingEast.jpg,./Shrub_FieldPhotographs.zip/1509_Shrub_Landscape_FacingSouth.jpg,./Shrub_FieldPhotographs.zip/1509_Shrub_Landscape_FacingWest.jpg,NA
shrub,CRBU: Paradise Basin (PB),1511,7/6/2025,10:44:00,69,Salicaceae-Salix wolfii,./Shrub_FieldPhotographs.zip/1511_Shrub_Whiteboard.jpg,https://5eae6d99ac972a7f9f39-bd6eca24a608a68763319e6efcdf3d9f.ssl.cf2.rackcdn.com/rmbl/507625/_data507625_chess_shrub_subform/field_288008985686ade79ef1fb.jpg,./Shrub_FieldPhotographs.zip/1511_Shrub_Landscape_FacingEast.jpg,./Shrub_FieldPhotographs.zip/1511_Shrub_Landscape_FacingSouth.jpg,./Shrub_FieldPhotographs.zip/1511_Shrub_Landscape_FacingWest.jpg,Tagged in 2018: 391
shrub,CRBU: Paradise Basin (PB),1510,7/6/2025,10:33:00,69,Salicaceae-Salix glauca,./Shrub_FieldPhotographs.zip/1510_Shrub_Whiteboard.jpg,https://5eae6d99ac972a7f9f39-bd6eca24a608a68763319e6efcdf3d9f.ssl.cf2.rackcdn.com/rmbl/507625/_data507625_chess_shrub_subform/field_1806293134686ade721c14f.jpg,./Shrub_FieldPhotographs.zip/1510_Shrub_Landscape_FacingEast.jpg,./Shrub_FieldPhotographs.zip/1510_Shrub_Landscape_FacingSouth.jpg,./Shrub_FieldPhotographs.zip/1510_Shrub_Landscape_FacingWest.jpg,NA
shrub,CRBU: Paradise Basin (PB),1512,7/6/2025,10:25:00,169,Salicaceae-Salix planifolia,./Shrub_FieldPhotographs.zip/1512_Shrub_Whiteboard.jpg,https://5eae6d99ac972a7f9f39-bd6eca24a608a68763319e6efcdf3d9f.ssl.cf2.rackcdn.com/rmbl/507625/_data507625_chess_shrub_subform/field_1921681158686ade6a7d4e1.jpg,./Shrub_FieldPhotographs.zip/1512_Shrub_Landscape_FacingEast.jpg,./Shrub_FieldPhotographs.zip/1512_Shrub_Landscape_FacingSouth.jpg,./Shrub_FieldPhotographs.zip/1512_Shrub_Landscape_FacingWest.jpg,NA
shrub,CRBU: Paradise Basin (PB),1507,7/6/2025,10:10:00,93,Salicaceae-Salix glauca,./Shrub_FieldPhotographs.zip/1507_Shrub_Whiteboard.jpg,https://5eae6d99ac972a7f9f39-bd6eca24a608a68763319e6efcdf3d9f.ssl.cf2.rackcdn.com/rmbl/507625/_data507625_chess_shrub_subform/field_1918025299686ade63bf28a.jpg,./Shrub_FieldPhotographs.zip/1507_Shrub_Landscape_FacingEast.jpg,./Shrub_FieldPhotographs.zip/1507_Shrub_Landscape_FacingSouth.jpg,./Shrub_FieldPhotographs.zip/1507_Shrub_Landscape_FacingWest.jpg,NA
shrub,CRBU: Paradise Basin (PB),1508,7/6/2025,9:57:00,192,Salicaceae-Salix monticola,./Shrub_FieldPhotographs.zip/1508_Shrub_Whiteboard.jpg,https://5eae6d99ac972a7f9f39-bd6eca24a608a68763319e6efcdf3d9f.ssl.cf2.rackcdn.com/rmbl/507625/_data507625_chess_shrub_subform/field_1953977276686ade59aeaba.jpg,./Shrub_FieldPhotographs.zip/1508_Shrub_Landscape_FacingEast.jpg,./Shrub_FieldPhotographs.zip/1508_Shrub_Landscape_FacingSouth.jpg,./Shrub_FieldPhotographs.zip/1508_Shrub_Landscape_FacingWest.jpg,NA
shrub,CRBU: Paradise Basin (PB),1506,7/6/2025,9:41:00,139,Salicaceae-Salix glauca,./Shrub_FieldPhotographs.zip/1506_Shrub_Whiteboard.jpg,https://5eae6d99ac972a7f9f39-bd6eca24a608a68763319e6efcdf3d9f.ssl.cf2.rackcdn.com/rmbl/507625/_data507625_chess_shrub_subform/field_1120628376686ade4fdfb80.jpg,./Shrub_FieldPhotographs.zip/1506_Shrub_Landscape_FacingEast.jpg,./Shrub_FieldPhotographs.zip/1506_Shrub_Landscape_FacingSouth.jpg,./Shrub_FieldPhotographs.zip/1506_Shrub_Landscape_FacingWest.jpg,NA
shrub,CRBU: Paradise Basin (PB),1505,7/6/2025,9:28:00,108,Salicaceae-Salix glauca,./Shrub_FieldPhotographs.zip/1505_Shrub_Whiteboard.jpg,https://5eae6d99ac972a7f9f39-bd6eca24a608a68763319e6efcdf3d9f.ssl.cf2.rackcdn.com/rmbl/507625/_data507625_chess_shrub_subform/field_2037985653686ade4877a25.jpg,./Shrub_FieldPhotographs.zip/1505_Shrub_Landscape_FacingEast.jpg,./Shrub_FieldPhotographs.zip/1505_Shrub_Landscape_FacingSouth.jpg,./Shrub_FieldPhotographs.zip/1505_Shrub_Landscape_FacingWest.jpg,NA
shrub,CRBU: Paradise Basin (PB),1504,7/6/2025,9:15:00,94,Grossulariaceae-Ribes montigenum,./Shrub_FieldPhotographs.zip/1504_Shrub_Whiteboard.jpg,https://5eae6d99ac972a7f9f39-bd6eca24a608a68763319e6efcdf3d9f.ssl.cf2.rackcdn.com/rmbl/507625/_data507625_chess_shrub_subform/field_620677244686ade43dc741.jpg,./Shrub_FieldPhotographs.zip/1504_Shrub_Landscape_FacingEast.jpg,./Shrub_FieldPhotographs.zip/1504_Shrub_Landscape_FacingSouth.jpg,./Shrub_FieldPhotographs.zip/1504_Shrub_Landscape_FacingWest.jpg,NA
shrub,CRBU: Paradise Basin (PB),1503,7/6/2025,9:02:00,126,Salicaceae-Salix planifolia,./Shrub_FieldPhotographs.zip/1503_Shrub_Whiteboard.jpg,https://5eae6d99ac972a7f9f39-bd6eca24a608a68763319e6efcdf3d9f.ssl.cf2.rackcdn.com/rmbl/507625/_data507625_chess_shrub_subform/field_1512007122686ade38ebe5c.jpg,./Shrub_FieldPhotographs.zip/1503_Shrub_Landscape_FacingEast.jpg,./Shrub_FieldPhotographs.zip/1503_Shrub_Landscape_FacingSouth.jpg,./Shrub_FieldPhotographs.zip/1503_Shrub_Landscape_FacingWest.jpg,NA
shrub,CRBU: South Baldy (SB),1501,7/1/2025,10:11:00,108,Grossulariaceae-Ribes montigenum,./Shrub_FieldPhotographs.zip/1501_Shrub_Whiteboard.jpg,https://5eae6d99ac972a7f9f39-bd6eca24a608a68763319e6efcdf3d9f.ssl.cf2.rackcdn.com/rmbl/507625/_data507625_chess_shrub_subform/field_1172466356869cb6229c36.jpg,./Shrub_FieldPhotographs.zip/1501_Shrub_Landscape_FacingEast.jpg,./Shrub_FieldPhotographs.zip/1501_Shrub_Landscape_FacingSouth.jpg,./Shrub_FieldPhotographs.zip/1501_Shrub_Landscape_FacingWest.jpg,NA
shrub,CRBU: South Baldy (SB),1500,7/1/2025,9:53:00,73,Cupressaceae-Juniperus communis,./Shrub_FieldPhotographs.zip/1500_Shrub_Whiteboard.jpg,https://5eae6d99ac972a7f9f39-bd6eca24a608a68763319e6efcdf3d9f.ssl.cf2.rackcdn.com/rmbl/507625/_data507625_chess_shrub_subform/field_18777059226869cb592bdff.jpg,./Shrub_FieldPhotographs.zip/1500_Shrub_Landscape_FacingEast.jpg,./Shrub_FieldPhotographs.zip/1500_Shrub_Landscape_FacingSouth.jpg,./Shrub_FieldPhotographs.zip/1500_Shrub_Landscape_FacingWest.jpg,NA
shrub,CRBU: South Baldy (SB),1499,7/1/2025,9:34:00,177,Salicaceae-Salix monticola,./Shrub_FieldPhotographs.zip/1499_Shrub_Whiteboard.jpg,https://5eae6d99ac972a7f9f39-bd6eca24a608a68763319e6efcdf3d9f.ssl.cf2.rackcdn.com/rmbl/507625/_data507625_chess_shrub_subform/field_41278825268642e1f6a6bf.jpg,./Shrub_FieldPhotographs.zip/1499_Shrub_Landscape_FacingEast.jpg,./Shrub_FieldPhotographs.zip/1499_Shrub_Landscape_FacingSouth.jpg,./Shrub_FieldPhotographs.zip/1499_Shrub_Landscape_FacingWest.jpg,NA
shrub,CRBU: South Baldy (SB),1498,7/1/2025,9:14:00,167,Salicaceae-Salix monticola,./Shrub_FieldPhotographs.zip/1498_Shrub_Whiteboard.jpg,https://5eae6d99ac972a7f9f39-bd6eca24a608a68763319e6efcdf3d9f.ssl.cf2.rackcdn.com/rmbl/507625/_data507625_chess_shrub_subform/field_149993820568642e13c45be.jpg,./Shrub_FieldPhotographs.zip/1498_Shrub_Landscape_FacingEast.jpg,./Shrub_FieldPhotographs.zip/1498_Shrub_Landscape_FacingSouth.jpg,./Shrub_FieldPhotographs.zip/1498_Shrub_Landscape_FacingWest.jpg,NA
shrub,CRBU: South Baldy (SB),1497,7/1/2025,8:47:00,86,Grossulariaceae-Ribes montigenum,./Shrub_FieldPhotographs.zip/1497_Shrub_Whiteboard.jpg,https://5eae6d99ac972a7f9f39-bd6eca24a608a68763319e6efcdf3d9f.ssl.cf2.rackcdn.com/rmbl/507625/_data507625_chess_shrub_subform/field_52964772968642e0b6ed83.jpg,./Shrub_FieldPhotographs.zip/1497_Shrub_Landscape_FacingEast.jpg,./Shrub_FieldPhotographs.zip/1497_Shrub_Landscape_FacingSouth.jpg,./Shrub_FieldPhotographs.zip/1497_Shrub_Landscape_FacingWest.jpg,Many ribmon next to this but mix pix w gram forb
shrub,CRBU: Slide Rock Road (SL),1496,6/30/2025,10:58:00,128,Salicaceae-Salix wolfii,./Shrub_FieldPhotographs.zip/1496_Shrub_Whiteboard.jpg,https://5eae6d99ac972a7f9f39-bd6eca24a608a68763319e6efcdf3d9f.ssl.cf2.rackcdn.com/rmbl/507625/_data507625_chess_shrub_subform/field_81064978468631fc2a3932.jpg,./Shrub_FieldPhotographs.zip/1496_Shrub_Landscape_FacingEast.jpg,./Shrub_FieldPhotographs.zip/1496_Shrub_Landscape_FacingSouth.jpg,./Shrub_FieldPhotographs.zip/1496_Shrub_Landscape_FacingWest.jpg,NA
shrub,CRBU: Slide Rock Road (SL),1495,6/30/2025,10:40:00,172,Salicaceae-Salix planifolia,./Shrub_FieldPhotographs.zip/1495_Shrub_Whiteboard.jpg,https://5eae6d99ac972a7f9f39-bd6eca24a608a68763319e6efcdf3d9f.ssl.cf2.rackcdn.com/rmbl/507625/_data507625_chess_shrub_subform/field_181101629668631fae10f92.jpg,./Shrub_FieldPhotographs.zip/1495_Shrub_Landscape_FacingEast.jpg,./Shrub_FieldPhotographs.zip/1495_Shrub_Landscape_FacingSouth.jpg,./Shrub_FieldPhotographs.zip/1495_Shrub_Landscape_FacingWest.jpg,NA
shrub,CRBU: Slide Rock Road (SL),1494,6/30/2025,10:31:00,65,Rosaceae-Dasiphora fruticosa,./Shrub_FieldPhotographs.zip/1494_Shrub_Whiteboard.jpg,https://5eae6d99ac972a7f9f39-bd6eca24a608a68763319e6efcdf3d9f.ssl.cf2.rackcdn.com/rmbl/507625/_data507625_chess_shrub_subform/field_202941793168631fa7ced1a.jpg,./Shrub_FieldPhotographs.zip/1494_Shrub_Landscape_FacingEast.jpg,./Shrub_FieldPhotographs.zip/1494_Shrub_Landscape_FacingSouth.jpg,./Shrub_FieldPhotographs.zip/1494_Shrub_Landscape_FacingWest.jpg,NA
shrub,CRBU: Slide Rock Road (SL),1493,6/30/2025,10:20:00,67,Rosaceae-Dasiphora fruticosa,./Shrub_FieldPhotographs.zip/1493_Shrub_Whiteboard.jpg,https://5eae6d99ac972a7f9f39-bd6eca24a608a68763319e6efcdf3d9f.ssl.cf2.rackcdn.com/rmbl/507625/_data507625_chess_shrub_subform/field_198664784668631fa08dbbd.jpg,./Shrub_FieldPhotographs.zip/1493_Shrub_Landscape_FacingEast.jpg,./Shrub_FieldPhotographs.zip/1493_Shrub_Landscape_FacingSouth.jpg,./Shrub_FieldPhotographs.zip/1493_Shrub_Landscape_FacingWest.jpg,NA
shrub,CRBU: Slide Rock Road (SL),1492,6/30/2025,9:51:00,123,Salicaceae-Salix planifolia,./Shrub_FieldPhotographs.zip/1492_Shrub_Whiteboard.jpg,https://5eae6d99ac972a7f9f39-bd6eca24a608a68763319e6efcdf3d9f.ssl.cf2.rackcdn.com/rmbl/507625/_data507625_chess_shrub_subform/field_161411118368631f898d0fc.jpg,./Shrub_FieldPhotographs.zip/1492_Shrub_Landscape_FacingEast.jpg,./Shrub_FieldPhotographs.zip/1492_Shrub_Landscape_FacingSouth.jpg,./Shrub_FieldPhotographs.zip/1492_Shrub_Landscape_FacingWest.jpg,NA
shrub,CRBU: Slide Rock Road (SL),1491,6/30/2025,9:34:00,97,Salicaceae-Salix glauca,./Shrub_FieldPhotographs.zip/1491_Shrub_Whiteboard.jpg,https://5eae6d99ac972a7f9f39-bd6eca24a608a68763319e6efcdf3d9f.ssl.cf2.rackcdn.com/rmbl/507625/_data507625_chess_shrub_subform/field_46123256868631f80b9db1.jpg,./Shrub_FieldPhotographs.zip/1491_Shrub_Landscape_FacingEast.jpg,./Shrub_FieldPhotographs.zip/1491_Shrub_Landscape_FacingSouth.jpg,./Shrub_FieldPhotographs.zip/1491_Shrub_Landscape_FacingWest.jpg,NA
shrub,CRBU: Slide Rock Road (SL),1490,6/30/2025,9:20:00,81,Rosaceae-Dasiphora fruticosa,./Shrub_FieldPhotographs.zip/1490_Shrub_Whiteboard.jpg,https://5eae6d99ac972a7f9f39-bd6eca24a608a68763319e6efcdf3d9f.ssl.cf2.rackcdn.com/rmbl/507625/_data507625_chess_shrub_subform/field_13338367268631f7b53b8a.jpg,./Shrub_FieldPhotographs.zip/1490_Shrub_Landscape_FacingEast.jpg,./Shrub_FieldPhotographs.zip/1490_Shrub_Landscape_FacingSouth.jpg,./Shrub_FieldPhotographs.zip/1490_Shrub_Landscape_FacingWest.jpg,NA
shrub,CRBU: Slide Rock Road (SL),1489,6/30/2025,9:02:00,196,Salicaceae-Salix planifolia,./Shrub_FieldPhotographs.zip/1489_Shrub_Whiteboard.jpg,https://5eae6d99ac972a7f9f39-bd6eca24a608a68763319e6efcdf3d9f.ssl.cf2.rackcdn.com/rmbl/507625/_data507625_chess_shrub_subform/field_139519741268631f749b888.jpg,./Shrub_FieldPhotographs.zip/1489_Shrub_Landscape_FacingEast.jpg,./Shrub_FieldPhotographs.zip/1489_Shrub_Landscape_FacingSouth.jpg,./Shrub_FieldPhotographs.zip/1489_Shrub_Landscape_FacingWest.jpg,NA
shrub,CRBU: Slide Rock Road (SL),1488,6/30/2025,8:50:00,108,Salicaceae-Salix wolfii,./Shrub_FieldPhotographs.zip/1488_Shrub_Whiteboard.jpg,https://5eae6d99ac972a7f9f39-bd6eca24a608a68763319e6efcdf3d9f.ssl.cf2.rackcdn.com/rmbl/507625/_data507625_chess_shrub_subform/field_180306681668631f6e0e0f4.jpg,./Shrub_FieldPhotographs.zip/1488_Shrub_Landscape_FacingEast.jpg,./Shrub_FieldPhotographs.zip/1488_Shrub_Landscape_FacingSouth.jpg,./Shrub_FieldPhotographs.zip/1488_Shrub_Landscape_FacingWest.jpg,NA
shrub,CRBU: Slide Rock Road (SL),1487,6/30/2025,8:37:00,88,Rosaceae-Dasiphora fruticosa,./Shrub_FieldPhotographs.zip/1487_Shrub_Whiteboard.jpg,https://5eae6d99ac972a7f9f39-bd6eca24a608a68763319e6efcdf3d9f.ssl.cf2.rackcdn.com/rmbl/507625/_data507625_chess_shrub_subform/field_96431054868631f636ee0a.jpg,./Shrub_FieldPhotographs.zip/1487_Shrub_Landscape_FacingEast.jpg,./Shrub_FieldPhotographs.zip/1487_Shrub_Landscape_FacingSouth.jpg,./Shrub_FieldPhotographs.zip/1487_Shrub_Landscape_FacingWest.jpg,Southern half oh shrub greyer leaves than north sh
shrub,CRBU: Trail 403 (TL),1486,6/29/2025,11:43:00,82,Grossulariaceae-Ribes inerme,./Shrub_FieldPhotographs.zip/1486_Shrub_Whiteboard.jpg,https://5eae6d99ac972a7f9f39-bd6eca24a608a68763319e6efcdf3d9f.ssl.cf2.rackcdn.com/rmbl/507625/_data507625_chess_shrub_subform/field_1931308490686189c5e5cb1.jpg,./Shrub_FieldPhotographs.zip/1486_Shrub_Landscape_FacingEast.jpg,./Shrub_FieldPhotographs.zip/1486_Shrub_Landscape_FacingSouth.jpg,./Shrub_FieldPhotographs.zip/1486_Shrub_Landscape_FacingWest.jpg,NA
shrub,CRBU: Trail 403 (TL),1485,6/29/2025,11:26:00,51,Rosaceae-Dasiphora fruticosa,./Shrub_FieldPhotographs.zip/1485_Shrub_Whiteboard.jpg,https://5eae6d99ac972a7f9f39-bd6eca24a608a68763319e6efcdf3d9f.ssl.cf2.rackcdn.com/rmbl/507625/_data507625_chess_shrub_subform/field_39765235686189b451fa7.jpg,./Shrub_FieldPhotographs.zip/1485_Shrub_Landscape_FacingEast.jpg,./Shrub_FieldPhotographs.zip/1485_Shrub_Landscape_FacingSouth.jpg,./Shrub_FieldPhotographs.zip/1485_Shrub_Landscape_FacingWest.jpg,NA
shrub,CRBU: Trail 403 (TL),1484,6/29/2025,11:20:00,72,Cupressaceae-Juniperus communis,./Shrub_FieldPhotographs.zip/1484_Shrub_Whiteboard.jpg,https://5eae6d99ac972a7f9f39-bd6eca24a608a68763319e6efcdf3d9f.ssl.cf2.rackcdn.com/rmbl/507625/_data507625_chess_shrub_subform/field_823160934686189af440e8.jpg,./Shrub_FieldPhotographs.zip/1484_Shrub_Landscape_FacingEast.jpg,./Shrub_FieldPhotographs.zip/1484_Shrub_Landscape_FacingSouth.jpg,./Shrub_FieldPhotographs.zip/1484_Shrub_Landscape_FacingWest.jpg,NA
shrub,CRBU: Trail 403 (TL),1483,6/29/2025,10:46:00,101,Viburnaceae-Sambucus racemosa,./Shrub_FieldPhotographs.zip/1483_Shrub_Whiteboard.jpg,https://5eae6d99ac972a7f9f39-bd6eca24a608a68763319e6efcdf3d9f.ssl.cf2.rackcdn.com/rmbl/507625/_data507625_chess_shrub_subform/field_168492406686189a1d99f4.jpg,./Shrub_FieldPhotographs.zip/1483_Shrub_Landscape_FacingEast.jpg,./Shrub_FieldPhotographs.zip/1483_Shrub_Landscape_FacingSouth.jpg,./Shrub_FieldPhotographs.zip/1483_Shrub_Landscape_FacingWest.jpg,NA
shrub,CRBU: Trail 403 (TL),1482,6/29/2025,10:34:00,85,Viburnaceae-Sambucus racemosa,./Shrub_FieldPhotographs.zip/1482_Shrub_Whiteboard.jpg,https://5eae6d99ac972a7f9f39-bd6eca24a608a68763319e6efcdf3d9f.ssl.cf2.rackcdn.com/rmbl/507625/_data507625_chess_shrub_subform/field_1040514626861899a59c38.jpg,./Shrub_FieldPhotographs.zip/1482_Shrub_Landscape_FacingEast.jpg,./Shrub_FieldPhotographs.zip/1482_Shrub_Landscape_FacingSouth.jpg,./Shrub_FieldPhotographs.zip/1482_Shrub_Landscape_FacingWest.jpg,NA
shrub,CRBU: Trail 403 (TL),1481,6/29/2025,10:13:00,60,Rosaceae-Dasiphora fruticosa,./Shrub_FieldPhotographs.zip/1481_Shrub_Whiteboard.jpg,https://5eae6d99ac972a7f9f39-bd6eca24a608a68763319e6efcdf3d9f.ssl.cf2.rackcdn.com/rmbl/507625/_data507625_chess_shrub_subform/field_20600185796861899376e30.jpg,./Shrub_FieldPhotographs.zip/1481_Shrub_Landscape_FacingEast.jpg,./Shrub_FieldPhotographs.zip/1481_Shrub_Landscape_FacingSouth.jpg,./Shrub_FieldPhotographs.zip/1481_Shrub_Landscape_FacingWest.jpg,NA
shrub,CRBU: Trail 403 (TL),1480,6/29/2025,10:00:00,54,Rosaceae-Dasiphora fruticosa,./Shrub_FieldPhotographs.zip/1480_Shrub_Whiteboard.jpg,https://5eae6d99ac972a7f9f39-bd6eca24a608a68763319e6efcdf3d9f.ssl.cf2.rackcdn.com/rmbl/507625/_data507625_chess_shrub_subform/field_3894350536861898db57c0.jpg,./Shrub_FieldPhotographs.zip/1480_Shrub_Landscape_FacingEast.jpg,./Shrub_FieldPhotographs.zip/1480_Shrub_Landscape_FacingSouth.jpg,./Shrub_FieldPhotographs.zip/1480_Shrub_Landscape_FacingWest.jpg,NA
shrub,CRBU: Trail 403 (TL),1479,6/29/2025,9:46:00,84,Rosaceae-Amelanchier alnifolia,./Shrub_FieldPhotographs.zip/1479_Shrub_Whiteboard.jpg,https://5eae6d99ac972a7f9f39-bd6eca24a608a68763319e6efcdf3d9f.ssl.cf2.rackcdn.com/rmbl/507625/_data507625_chess_shrub_subform/field_1164031155686189877aba0.jpg,./Shrub_FieldPhotographs.zip/1479_Shrub_Landscape_FacingEast.jpg,./Shrub_FieldPhotographs.zip/1479_Shrub_Landscape_FacingSouth.jpg,./Shrub_FieldPhotographs.zip/1479_Shrub_Landscape_FacingWest.jpg,NA
shrub,CRBU: Trail 403 (TL),1478,6/29/2025,9:32:00,118,Rosaceae-Amelanchier alnifolia,./Shrub_FieldPhotographs.zip/1478_Shrub_Whiteboard.jpg,https://5eae6d99ac972a7f9f39-bd6eca24a608a68763319e6efcdf3d9f.ssl.cf2.rackcdn.com/rmbl/507625/_data507625_chess_shrub_subform/field_213439104768618982937ca.jpg,./Shrub_FieldPhotographs.zip/1478_Shrub_Landscape_FacingEast.jpg,./Shrub_FieldPhotographs.zip/1478_Shrub_Landscape_FacingSouth.jpg,./Shrub_FieldPhotographs.zip/1478_Shrub_Landscape_FacingWest.jpg,NA
shrub,CRBU: Trail 403 (TL),1477,6/29/2025,9:13:00,280,Salicaceae-Salix planifolia,./Shrub_FieldPhotographs.zip/1477_Shrub_Whiteboard.jpg,https://5eae6d99ac972a7f9f39-bd6eca24a608a68763319e6efcdf3d9f.ssl.cf2.rackcdn.com/rmbl/507625/_data507625_chess_shrub_subform/field_1067127346861897aece0d.jpg,./Shrub_FieldPhotographs.zip/1477_Shrub_Landscape_FacingEast.jpg,./Shrub_FieldPhotographs.zip/1477_Shrub_Landscape_FacingSouth.jpg,./Shrub_FieldPhotographs.zip/1477_Shrub_Landscape_FacingWest.jpg,NA
shrub,CRBU: Snodgrass (SN),1466,6/28/2025,11:11:00,107,Viburnaceae-Sambucus racemosa,./Shrub_FieldPhotographs.zip/1466_Shrub_Whiteboard.jpg,https://5eae6d99ac972a7f9f39-bd6eca24a608a68763319e6efcdf3d9f.ssl.cf2.rackcdn.com/rmbl/507625/_data507625_chess_shrub_subform/field_1054483087686041b244209.jpg,./Shrub_FieldPhotographs.zip/1466_Shrub_Landscape_FacingEast.jpg,./Shrub_FieldPhotographs.zip/1466_Shrub_Landscape_FacingSouth.jpg,./Shrub_FieldPhotographs.zip/1466_Shrub_Landscape_FacingWest.jpg,NA
shrub,CRBU: Snodgrass (SN),1465,6/28/2025,11:04:00,104,Grossulariaceae-Ribes montigenum,./Shrub_FieldPhotographs.zip/1465_Shrub_Whiteboard.jpg,https://5eae6d99ac972a7f9f39-bd6eca24a608a68763319e6efcdf3d9f.ssl.cf2.rackcdn.com/rmbl/507625/_data507625_chess_shrub_subform/field_9789711576860419ca3223.jpg,./Shrub_FieldPhotographs.zip/1465_Shrub_Landscape_FacingEast.jpg,./Shrub_FieldPhotographs.zip/1465_Shrub_Landscape_FacingSouth.jpg,./Shrub_FieldPhotographs.zip/1465_Shrub_Landscape_FacingWest.jpg,NA
shrub,CRBU: Snodgrass (SN),1464,6/28/2025,10:51:00,107,Viburnaceae-Sambucus racemosa,./Shrub_FieldPhotographs.zip/1464_Shrub_Whiteboard.jpg,https://5eae6d99ac972a7f9f39-bd6eca24a608a68763319e6efcdf3d9f.ssl.cf2.rackcdn.com/rmbl/507625/_data507625_chess_shrub_subform/field_1670400431686041986aabf.jpg,./Shrub_FieldPhotographs.zip/1464_Shrub_Landscape_FacingEast.jpg,./Shrub_FieldPhotographs.zip/1464_Shrub_Landscape_FacingSouth.jpg,./Shrub_FieldPhotographs.zip/1464_Shrub_Landscape_FacingWest.jpg,NA
shrub,CRBU: Snodgrass (SN),1463,6/28/2025,10:40:00,176,Viburnaceae-Sambucus racemosa,./Shrub_FieldPhotographs.zip/1463_Shrub_Whiteboard.jpg,https://5eae6d99ac972a7f9f39-bd6eca24a608a68763319e6efcdf3d9f.ssl.cf2.rackcdn.com/rmbl/507625/_data507625_chess_shrub_subform/field_192488563268604190689a9.jpg,./Shrub_FieldPhotographs.zip/1463_Shrub_Landscape_FacingEast.jpg,./Shrub_FieldPhotographs.zip/1463_Shrub_Landscape_FacingSouth.jpg,./Shrub_FieldPhotographs.zip/1463_Shrub_Landscape_FacingWest.jpg,NA
shrub,CRBU: Snodgrass (SN),1462,6/28/2025,10:23:00,95,Grossulariaceae-Ribes montigenum,./Shrub_FieldPhotographs.zip/1462_Shrub_Whiteboard.jpg,https://5eae6d99ac972a7f9f39-bd6eca24a608a68763319e6efcdf3d9f.ssl.cf2.rackcdn.com/rmbl/507625/_data507625_chess_shrub_subform/field_94113952068604189929d0.jpg,./Shrub_FieldPhotographs.zip/1462_Shrub_Landscape_FacingEast.jpg,./Shrub_FieldPhotographs.zip/1462_Shrub_Landscape_FacingSouth.jpg,./Shrub_FieldPhotographs.zip/1462_Shrub_Landscape_FacingWest.jpg,NA
shrub,CRBU: Snodgrass (SN),1461,6/28/2025,10:06:00,210,Salicaceae-Salix monticola,./Shrub_FieldPhotographs.zip/1461_Shrub_Whiteboard.jpg,https://5eae6d99ac972a7f9f39-bd6eca24a608a68763319e6efcdf3d9f.ssl.cf2.rackcdn.com/rmbl/507625/_data507625_chess_shrub_subform/field_9083491168604182b7064.jpg,./Shrub_FieldPhotographs.zip/1461_Shrub_Landscape_FacingEast.jpg,./Shrub_FieldPhotographs.zip/1461_Shrub_Landscape_FacingSouth.jpg,./Shrub_FieldPhotographs.zip/1461_Shrub_Landscape_FacingWest.jpg,NA
shrub,CRBU: Snodgrass (SN),1460,6/28/2025,9:50:00,300,Salicaceae-Salix monticola,./Shrub_FieldPhotographs.zip/1460_Shrub_Whiteboard.jpg,https://5eae6d99ac972a7f9f39-bd6eca24a608a68763319e6efcdf3d9f.ssl.cf2.rackcdn.com/rmbl/507625/_data507625_chess_shrub_subform/field_19949293976860417bafff7.jpg,./Shrub_FieldPhotographs.zip/1460_Shrub_Landscape_FacingEast.jpg,./Shrub_FieldPhotographs.zip/1460_Shrub_Landscape_FacingSouth.jpg,./Shrub_FieldPhotographs.zip/1460_Shrub_Landscape_FacingWest.jpg,NA
shrub,CRBU: Snodgrass (SN),1459,6/28/2025,9:31:00,133,Viburnaceae-Sambucus racemosa,./Shrub_FieldPhotographs.zip/1459_Shrub_Whiteboard.jpg,https://5eae6d99ac972a7f9f39-bd6eca24a608a68763319e6efcdf3d9f.ssl.cf2.rackcdn.com/rmbl/507625/_data507625_chess_shrub_subform/field_1807803814686041724e210.jpg,./Shrub_FieldPhotographs.zip/1459_Shrub_Landscape_FacingEast.jpg,./Shrub_FieldPhotographs.zip/1459_Shrub_Landscape_FacingSouth.jpg,./Shrub_FieldPhotographs.zip/1459_Shrub_Landscape_FacingWest.jpg,NA
shrub,CRBU: Snodgrass (SN),1458,6/28/2025,9:14:00,124,Viburnaceae-Sambucus racemosa,./Shrub_FieldPhotographs.zip/1458_Shrub_Whiteboard.jpg,https://5eae6d99ac972a7f9f39-bd6eca24a608a68763319e6efcdf3d9f.ssl.cf2.rackcdn.com/rmbl/507625/_data507625_chess_shrub_subform/field_11021603706860416d090a4.jpg,./Shrub_FieldPhotographs.zip/1458_Shrub_Landscape_FacingEast.jpg,./Shrub_FieldPhotographs.zip/1458_Shrub_Landscape_FacingSouth.jpg,./Shrub_FieldPhotographs.zip/1458_Shrub_Landscape_FacingWest.jpg,NA
shrub,CRBU: Snodgrass (SN),1457,6/28/2025,8:59:00,114,Cupressaceae-Juniperus communis,./Shrub_FieldPhotographs.zip/1457_Shrub_Whiteboard.jpg,https://5eae6d99ac972a7f9f39-bd6eca24a608a68763319e6efcdf3d9f.ssl.cf2.rackcdn.com/rmbl/507625/_data507625_chess_shrub_subform/field_104946133168604167a205f.jpg,./Shrub_FieldPhotographs.zip/1457_Shrub_Landscape_FacingEast.jpg,./Shrub_FieldPhotographs.zip/1457_Shrub_Landscape_FacingSouth.jpg,./Shrub_FieldPhotographs.zip/1457_Shrub_Landscape_FacingWest.jpg,NA
shrub,CRBU: Gothic Townsite Dry Meadow (GO),1476,6/24/2025,13:52:00,360,Salicaceae-Salix drummondiana,./Shrub_FieldPhotographs.zip/1476_Shrub_Whiteboard.jpg,https://5eae6d99ac972a7f9f39-bd6eca24a608a68763319e6efcdf3d9f.ssl.cf2.rackcdn.com/rmbl/507625/_data507625_chess_shrub_subform/field_1450917686685b05efe2b2e.jpg,./Shrub_FieldPhotographs.zip/1476_Shrub_Landscape_FacingEast.jpg,./Shrub_FieldPhotographs.zip/1476_Shrub_Landscape_FacingSouth.jpg,./Shrub_FieldPhotographs.zip/1476_Shrub_Landscape_FacingWest.jpg,NA
shrub,CRBU: Gothic Townsite Dry Meadow (GO),1475,6/24/2025,13:44:00,86,Rosaceae-Dasiphora fruticosa,./Shrub_FieldPhotographs.zip/1475_Shrub_Whiteboard.jpg,https://5eae6d99ac972a7f9f39-bd6eca24a608a68763319e6efcdf3d9f.ssl.cf2.rackcdn.com/rmbl/507625/_data507625_chess_shrub_subform/field_401654804685b05e6f10b3.jpg,./Shrub_FieldPhotographs.zip/1475_Shrub_Landscape_FacingEast.jpg,./Shrub_FieldPhotographs.zip/1475_Shrub_Landscape_FacingSouth.jpg,./Shrub_FieldPhotographs.zip/1475_Shrub_Landscape_FacingWest.jpg,NA
shrub,CRBU: Gothic Townsite Dry Meadow (GO),1474,6/24/2025,12:28:00,251,Salicaceae-Salix drummondiana,./Shrub_FieldPhotographs.zip/1474_Shrub_Whiteboard.jpg,https://5eae6d99ac972a7f9f39-bd6eca24a608a68763319e6efcdf3d9f.ssl.cf2.rackcdn.com/rmbl/507625/_data507625_chess_shrub_subform/field_1765865787685b05da95127.jpg,./Shrub_FieldPhotographs.zip/1474_Shrub_Landscape_FacingEast.jpg,./Shrub_FieldPhotographs.zip/1474_Shrub_Landscape_FacingSouth.jpg,./Shrub_FieldPhotographs.zip/1474_Shrub_Landscape_FacingWest.jpg,NA
shrub,CRBU: Gothic Townsite Dry Meadow (GO),1473,6/24/2025,11:28:00,275,Salicaceae-Salix drummondiana,./Shrub_FieldPhotographs.zip/1473_Shrub_Whiteboard.jpg,https://5eae6d99ac972a7f9f39-bd6eca24a608a68763319e6efcdf3d9f.ssl.cf2.rackcdn.com/rmbl/507625/_data507625_chess_shrub_subform/field_1959409857685ae612bb7da.jpg,./Shrub_FieldPhotographs.zip/1473_Shrub_Landscape_FacingEast.jpg,./Shrub_FieldPhotographs.zip/1473_Shrub_Landscape_FacingSouth.jpg,./Shrub_FieldPhotographs.zip/1473_Shrub_Landscape_FacingWest.jpg,NA
shrub,CRBU: Gothic Townsite Dry Meadow (GO),1472,6/24/2025,11:02:00,95,Cupressaceae-Juniperus communis,./Shrub_FieldPhotographs.zip/1472_Shrub_Whiteboard.jpg,https://5eae6d99ac972a7f9f39-bd6eca24a608a68763319e6efcdf3d9f.ssl.cf2.rackcdn.com/rmbl/507625/_data507625_chess_shrub_subform/field_329452761685ae60c45430.jpg,./Shrub_FieldPhotographs.zip/1472_Shrub_Landscape_FacingEast.jpg,./Shrub_FieldPhotographs.zip/1472_Shrub_Landscape_FacingSouth.jpg,./Shrub_FieldPhotographs.zip/1472_Shrub_Landscape_FacingWest.jpg,NA
shrub,CRBU: Gothic Townsite Dry Meadow (GO),1471,6/24/2025,10:39:00,84,Cupressaceae-Juniperus communis,./Shrub_FieldPhotographs.zip/1471_Shrub_Whiteboard.jpg,https://5eae6d99ac972a7f9f39-bd6eca24a608a68763319e6efcdf3d9f.ssl.cf2.rackcdn.com/rmbl/507625/_data507625_chess_shrub_subform/field_1549800287685ae5fc60e84.jpg,./Shrub_FieldPhotographs.zip/1471_Shrub_Landscape_FacingEast.jpg,./Shrub_FieldPhotographs.zip/1471_Shrub_Landscape_FacingSouth.jpg,./Shrub_FieldPhotographs.zip/1471_Shrub_Landscape_FacingWest.jpg,NA
shrub,CRBU: Gothic Townsite Dry Meadow (GO),1470,6/24/2025,10:28:00,53,Asteraceae-Artemisia tridentata,./Shrub_FieldPhotographs.zip/1470_Shrub_Whiteboard.jpg,https://5eae6d99ac972a7f9f39-bd6eca24a608a68763319e6efcdf3d9f.ssl.cf2.rackcdn.com/rmbl/507625/_data507625_chess_shrub_subform/field_1053582571685ae5f7cda1b.jpg,./Shrub_FieldPhotographs.zip/1470_Shrub_Landscape_FacingEast.jpg,./Shrub_FieldPhotographs.zip/1470_Shrub_Landscape_FacingSouth.jpg,./Shrub_FieldPhotographs.zip/1470_Shrub_Landscape_FacingWest.jpg,NA
shrub,CRBU: Gothic Townsite Dry Meadow (GO),1469,6/24/2025,10:17:00,72,Cupressaceae-Juniperus communis,./Shrub_FieldPhotographs.zip/1469_Shrub_Whiteboard.jpg,https://5eae6d99ac972a7f9f39-bd6eca24a608a68763319e6efcdf3d9f.ssl.cf2.rackcdn.com/rmbl/507625/_data507625_chess_shrub_subform/field_1737481704685ae5f081e9b.jpg,./Shrub_FieldPhotographs.zip/1469_Shrub_Landscape_FacingEast.jpg,./Shrub_FieldPhotographs.zip/1469_Shrub_Landscape_FacingSouth.jpg,./Shrub_FieldPhotographs.zip/1469_Shrub_Landscape_FacingWest.jpg,NA
shrub,CRBU: Gothic Townsite Dry Meadow (GO),1468,6/24/2025,9:51:00,137,Salicaceae-Salix monticola,./Shrub_FieldPhotographs.zip/1468_Shrub_Whiteboard.jpg,https://5eae6d99ac972a7f9f39-bd6eca24a608a68763319e6efcdf3d9f.ssl.cf2.rackcdn.com/rmbl/507625/_data507625_chess_shrub_subform/field_413717834685ae5e818e17.jpg,./Shrub_FieldPhotographs.zip/1468_Shrub_Landscape_FacingEast.jpg,./Shrub_FieldPhotographs.zip/1468_Shrub_Landscape_FacingSouth.jpg,./Shrub_FieldPhotographs.zip/1468_Shrub_Landscape_FacingWest.jpg,NA
shrub,CRBU: Gothic Townsite Dry Meadow (GO),1467,6/24/2025,9:29:00,42,Asteraceae-Artemisia tridentata,./Shrub_FieldPhotographs.zip/1467_Shrub_Whiteboard.jpg,https://5eae6d99ac972a7f9f39-bd6eca24a608a68763319e6efcdf3d9f.ssl.cf2.rackcdn.com/rmbl/507625/_data507625_chess_shrub_subform/field_136845815685ae5df88cd2.jpg,./Shrub_FieldPhotographs.zip/1467_Shrub_Landscape_FacingEast.jpg,./Shrub_FieldPhotographs.zip/1467_Shrub_Landscape_FacingSouth.jpg,./Shrub_FieldPhotographs.zip/1467_Shrub_Landscape_FacingWest.jpg,NA
shrub,CRBU: Upper Upper (UU),1456,6/23/2025,11:00:00,103,Rosaceae-Amelanchier alnifolia,./Shrub_FieldPhotographs.zip/1456_Shrub_Whiteboard.jpg,https://5eae6d99ac972a7f9f39-bd6eca24a608a68763319e6efcdf3d9f.ssl.cf2.rackcdn.com/rmbl/507625/_data507625_chess_shrub_subform/field_19664239556859c32902217.jpg,./Shrub_FieldPhotographs.zip/1456_Shrub_Landscape_FacingEast.jpg,./Shrub_FieldPhotographs.zip/1456_Shrub_Landscape_FacingSouth.jpg,./Shrub_FieldPhotographs.zip/1456_Shrub_Landscape_FacingWest.jpg,NA
shrub,CRBU: Upper Upper (UU),1455,6/23/2025,10:48:00,166,Rosaceae-Prunus virginiana,./Shrub_FieldPhotographs.zip/1455_Shrub_Whiteboard.jpg,https://5eae6d99ac972a7f9f39-bd6eca24a608a68763319e6efcdf3d9f.ssl.cf2.rackcdn.com/rmbl/507625/_data507625_chess_shrub_subform/field_12326131626859c3189525f.jpg,./Shrub_FieldPhotographs.zip/1455_Shrub_Landscape_FacingEast.jpg,./Shrub_FieldPhotographs.zip/1455_Shrub_Landscape_FacingSouth.jpg,./Shrub_FieldPhotographs.zip/1455_Shrub_Landscape_FacingWest.jpg,NA
shrub,CRBU: Upper Upper (UU),1454,6/23/2025,10:38:00,169,Rosaceae-Amelanchier alnifolia,./Shrub_FieldPhotographs.zip/1454_Shrub_Whiteboard.jpg,https://5eae6d99ac972a7f9f39-bd6eca24a608a68763319e6efcdf3d9f.ssl.cf2.rackcdn.com/rmbl/507625/_data507625_chess_shrub_subform/field_16405240136859c3081133d.jpg,./Shrub_FieldPhotographs.zip/1454_Shrub_Landscape_FacingEast.jpg,./Shrub_FieldPhotographs.zip/1454_Shrub_Landscape_FacingSouth.jpg,./Shrub_FieldPhotographs.zip/1454_Shrub_Landscape_FacingWest.jpg,NA
shrub,CRBU: Upper Upper (UU),1453,6/23/2025,10:24:00,141,Caprifoliaceae-Symphoricarpos rotundifolius,./Shrub_FieldPhotographs.zip/1453_Shrub_Whiteboard.jpg,https://5eae6d99ac972a7f9f39-bd6eca24a608a68763319e6efcdf3d9f.ssl.cf2.rackcdn.com/rmbl/507625/_data507625_chess_shrub_subform/field_2351163046859c3036ea2f.jpg,./Shrub_FieldPhotographs.zip/1453_Shrub_Landscape_FacingEast.jpg,./Shrub_FieldPhotographs.zip/1453_Shrub_Landscape_FacingSouth.jpg,./Shrub_FieldPhotographs.zip/1453_Shrub_Landscape_FacingWest.jpg,NA
shrub,CRBU: Upper Upper (UU),1452,6/23/2025,10:17:00,112,Asteraceae-Artemisia tridentata,./Shrub_FieldPhotographs.zip/1452_Shrub_Whiteboard.jpg,https://5eae6d99ac972a7f9f39-bd6eca24a608a68763319e6efcdf3d9f.ssl.cf2.rackcdn.com/rmbl/507625/_data507625_chess_shrub_subform/field_7688667186859c2fcd6bc7.jpg,./Shrub_FieldPhotographs.zip/1452_Shrub_Landscape_FacingEast.jpg,./Shrub_FieldPhotographs.zip/1452_Shrub_Landscape_FacingSouth.jpg,./Shrub_FieldPhotographs.zip/1452_Shrub_Landscape_FacingWest.jpg,NA
shrub,CRBU: Upper Upper (UU),1451,6/23/2025,10:07:00,143,Rosaceae-Prunus virginiana,./Shrub_FieldPhotographs.zip/1451_Shrub_Whiteboard.jpg,https://5eae6d99ac972a7f9f39-bd6eca24a608a68763319e6efcdf3d9f.ssl.cf2.rackcdn.com/rmbl/507625/_data507625_chess_shrub_subform/field_18256046876859c2e655394.jpg,./Shrub_FieldPhotographs.zip/1451_Shrub_Landscape_FacingEast.jpg,./Shrub_FieldPhotographs.zip/1451_Shrub_Landscape_FacingSouth.jpg,./Shrub_FieldPhotographs.zip/1451_Shrub_Landscape_FacingWest.jpg,NA
shrub,CRBU: Upper Upper (UU),1450,6/23/2025,9:53:00,445,Salicaceae-Salix scouleriana,./Shrub_FieldPhotographs.zip/1450_Shrub_Whiteboard.jpg,https://5eae6d99ac972a7f9f39-bd6eca24a608a68763319e6efcdf3d9f.ssl.cf2.rackcdn.com/rmbl/507625/_data507625_chess_shrub_subform/field_10913490396859c2dcc1080.jpg,./Shrub_FieldPhotographs.zip/1450_Shrub_Landscape_FacingEast.jpg,./Shrub_FieldPhotographs.zip/1450_Shrub_Landscape_FacingSouth.jpg,./Shrub_FieldPhotographs.zip/1450_Shrub_Landscape_FacingWest.jpg,NA
shrub,CRBU: Upper Upper (UU),1449,6/23/2025,9:41:00,247,Rosaceae-Prunus virginiana,./Shrub_FieldPhotographs.zip/1449_Shrub_Whiteboard.jpg,https://5eae6d99ac972a7f9f39-bd6eca24a608a68763319e6efcdf3d9f.ssl.cf2.rackcdn.com/rmbl/507625/_data507625_chess_shrub_subform/field_4923382286859c2d7bb269.jpg,./Shrub_FieldPhotographs.zip/1449_Shrub_Landscape_FacingEast.jpg,./Shrub_FieldPhotographs.zip/1449_Shrub_Landscape_FacingSouth.jpg,./Shrub_FieldPhotographs.zip/1449_Shrub_Landscape_FacingWest.jpg,NA
shrub,CRBU: Upper Upper (UU),1448,6/23/2025,9:13:00,97,Caprifoliaceae-Symphoricarpos rotundifolius,./Shrub_FieldPhotographs.zip/1448_Shrub_Whiteboard.jpg,https://5eae6d99ac972a7f9f39-bd6eca24a608a68763319e6efcdf3d9f.ssl.cf2.rackcdn.com/rmbl/507625/_data507625_chess_shrub_subform/field_15305824636859c2d230bf5.jpg,./Shrub_FieldPhotographs.zip/1448_Shrub_Landscape_FacingEast.jpg,./Shrub_FieldPhotographs.zip/1448_Shrub_Landscape_FacingSouth.jpg,./Shrub_FieldPhotographs.zip/1448_Shrub_Landscape_FacingWest.jpg,NA
shrub,CRBU: Upper Upper (UU),1447,6/23/2025,8:56:00,112,Asteraceae-Artemisia tridentata,./Shrub_FieldPhotographs.zip/1447_Shrub_Whiteboard.jpg,https://5eae6d99ac972a7f9f39-bd6eca24a608a68763319e6efcdf3d9f.ssl.cf2.rackcdn.com/rmbl/507625/_data507625_chess_shrub_subform/field_11596252576859c2c98ba30.jpg,./Shrub_FieldPhotographs.zip/1447_Shrub_Landscape_FacingEast.jpg,./Shrub_FieldPhotographs.zip/1447_Shrub_Landscape_FacingSouth.jpg,./Shrub_FieldPhotographs.zip/1447_Shrub_Landscape_FacingWest.jpg,NA
shrub,ALMO: One Mile Upper (OU),1446,6/18/2025,11:44:00,101,Caprifoliaceae-Lonicera involucrata,./Shrub_FieldPhotographs.zip/1446_Shrub_Whiteboard.jpg,https://5eae6d99ac972a7f9f39-bd6eca24a608a68763319e6efcdf3d9f.ssl.cf2.rackcdn.com/rmbl/507625/_data507625_chess_shrub_subform/field_113535102268532d256f627.jpg,./Shrub_FieldPhotographs.zip/1446_Shrub_Landscape_FacingEast.jpg,./Shrub_FieldPhotographs.zip/1446_Shrub_Landscape_FacingSouth.jpg,./Shrub_FieldPhotographs.zip/1446_Shrub_Landscape_FacingWest.jpg,NA
shrub,ALMO: One Mile Upper (OU),1445,6/18/2025,11:32:00,242,Salicaceae-Salix monticola,./Shrub_FieldPhotographs.zip/1445_Shrub_Whiteboard.jpg,https://5eae6d99ac972a7f9f39-bd6eca24a608a68763319e6efcdf3d9f.ssl.cf2.rackcdn.com/rmbl/507625/_data507625_chess_shrub_subform/field_84528992368532d1dca491.jpg,./Shrub_FieldPhotographs.zip/1445_Shrub_Landscape_FacingEast.jpg,./Shrub_FieldPhotographs.zip/1445_Shrub_Landscape_FacingSouth.jpg,./Shrub_FieldPhotographs.zip/1445_Shrub_Landscape_FacingWest.jpg,NA
shrub,ALMO: One Mile Upper (OU),1444,6/18/2025,11:26:00,107,Asteraceae-Artemisia tridentata,./Shrub_FieldPhotographs.zip/1444_Shrub_Whiteboard.jpg,https://5eae6d99ac972a7f9f39-bd6eca24a608a68763319e6efcdf3d9f.ssl.cf2.rackcdn.com/rmbl/507625/_data507625_chess_shrub_subform/field_176566549568532d116fb6c.jpg,./Shrub_FieldPhotographs.zip/1444_Shrub_Landscape_FacingEast.jpg,./Shrub_FieldPhotographs.zip/1444_Shrub_Landscape_FacingSouth.jpg,./Shrub_FieldPhotographs.zip/1444_Shrub_Landscape_FacingWest.jpg,NA
shrub,ALMO: One Mile Upper (OU),1443,6/18/2025,11:18:00,116,Rosaceae-Dasiphora fruticosa,./Shrub_FieldPhotographs.zip/1443_Shrub_Whiteboard.jpg,https://5eae6d99ac972a7f9f39-bd6eca24a608a68763319e6efcdf3d9f.ssl.cf2.rackcdn.com/rmbl/507625/_data507625_chess_shrub_subform/field_91617403568532d0497fde.jpg,./Shrub_FieldPhotographs.zip/1443_Shrub_Landscape_FacingEast.jpg,./Shrub_FieldPhotographs.zip/1443_Shrub_Landscape_FacingSouth.jpg,./Shrub_FieldPhotographs.zip/1443_Shrub_Landscape_FacingWest.jpg,NA
shrub,ALMO: One Mile Upper (OU),1442,6/18/2025,11:03:00,245,Salicaceae-Salix monticola,./Shrub_FieldPhotographs.zip/1442_Shrub_Whiteboard.jpg,https://5eae6d99ac972a7f9f39-bd6eca24a608a68763319e6efcdf3d9f.ssl.cf2.rackcdn.com/rmbl/507625/_data507625_chess_shrub_subform/field_189952475668532cfc5720e.jpg,./Shrub_FieldPhotographs.zip/1442_Shrub_Landscape_FacingEast.jpg,./Shrub_FieldPhotographs.zip/1442_Shrub_Landscape_FacingSouth.jpg,./Shrub_FieldPhotographs.zip/1442_Shrub_Landscape_FacingWest.jpg,NA
shrub,ALMO: One Mile Upper (OU),1441,6/18/2025,10:55:00,139,Rosaceae-Dasiphora fruticosa,./Shrub_FieldPhotographs.zip/1441_Shrub_Whiteboard.jpg,https://5eae6d99ac972a7f9f39-bd6eca24a608a68763319e6efcdf3d9f.ssl.cf2.rackcdn.com/rmbl/507625/_data507625_chess_shrub_subform/field_187744612768532cf5c6d1c.jpg,./Shrub_FieldPhotographs.zip/1441_Shrub_Landscape_FacingEast.jpg,./Shrub_FieldPhotographs.zip/1441_Shrub_Landscape_FacingSouth.jpg,./Shrub_FieldPhotographs.zip/1441_Shrub_Landscape_FacingWest.jpg,NA
shrub,ALMO: One Mile Upper (OU),1440,6/18/2025,10:35:00,133,Salicaceae-Salix wolfii,./Shrub_FieldPhotographs.zip/1440_Shrub_Whiteboard.jpg,https://5eae6d99ac972a7f9f39-bd6eca24a608a68763319e6efcdf3d9f.ssl.cf2.rackcdn.com/rmbl/507625/_data507625_chess_shrub_subform/field_138242795368532ced85765.jpg,./Shrub_FieldPhotographs.zip/1440_Shrub_Landscape_FacingEast.jpg,./Shrub_FieldPhotographs.zip/1440_Shrub_Landscape_FacingSouth.jpg,./Shrub_FieldPhotographs.zip/1440_Shrub_Landscape_FacingWest.jpg,NA
shrub,ALMO: One Mile Upper (OU),1439,6/18/2025,10:06:00,120,Salicaceae-Salix wolfii,./Shrub_FieldPhotographs.zip/1439_Shrub_Whiteboard.jpg,https://5eae6d99ac972a7f9f39-bd6eca24a608a68763319e6efcdf3d9f.ssl.cf2.rackcdn.com/rmbl/507625/_data507625_chess_shrub_subform/field_76310896768532ce5eb4b6.jpg,./Shrub_FieldPhotographs.zip/1439_Shrub_Landscape_FacingEast.jpg,./Shrub_FieldPhotographs.zip/1439_Shrub_Landscape_FacingSouth.jpg,./Shrub_FieldPhotographs.zip/1439_Shrub_Landscape_FacingWest.jpg,NA
shrub,ALMO: One Mile Upper (OU),1438,6/18/2025,9:49:00,92,Salicaceae-Salix wolfii,./Shrub_FieldPhotographs.zip/1438_Shrub_Whiteboard.jpg,https://5eae6d99ac972a7f9f39-bd6eca24a608a68763319e6efcdf3d9f.ssl.cf2.rackcdn.com/rmbl/507625/_data507625_chess_shrub_subform/field_932395368532cde44f5b.jpg,./Shrub_FieldPhotographs.zip/1438_Shrub_Landscape_FacingEast.jpg,./Shrub_FieldPhotographs.zip/1438_Shrub_Landscape_FacingSouth.jpg,./Shrub_FieldPhotographs.zip/1438_Shrub_Landscape_FacingWest.jpg,NA
shrub,ALMO: One Mile Upper (OU),1437,6/18/2025,9:25:00,260,Salicaceae-Salix monticola,./Shrub_FieldPhotographs.zip/1437_Shrub_Whiteboard.jpg,https://5eae6d99ac972a7f9f39-bd6eca24a608a68763319e6efcdf3d9f.ssl.cf2.rackcdn.com/rmbl/507625/_data507625_chess_shrub_subform/field_101905470568532cd4989c6.jpg,./Shrub_FieldPhotographs.zip/1437_Shrub_Landscape_FacingEast.jpg,./Shrub_FieldPhotographs.zip/1437_Shrub_Landscape_FacingSouth.jpg,./Shrub_FieldPhotographs.zip/1437_Shrub_Landscape_FacingWest.jpg,NA
shrub,ALMO: Spring Creek (SC),1436,6/16/2025,11:46:00,73,Rosaceae-Purshia tridentata,./Shrub_FieldPhotographs.zip/1436_Shrub_Whiteboard.jpg,https://5eae6d99ac972a7f9f39-bd6eca24a608a68763319e6efcdf3d9f.ssl.cf2.rackcdn.com/rmbl/507625/_data507625_chess_shrub_subform/field_157575278468505cc92a2a1.jpg,./Shrub_FieldPhotographs.zip/1436_Shrub_Landscape_FacingEast.jpg,./Shrub_FieldPhotographs.zip/1436_Shrub_Landscape_FacingSouth.jpg,./Shrub_FieldPhotographs.zip/1436_Shrub_Landscape_FacingWest.jpg,NA
shrub,ALMO: Spring Creek (SC),1435,6/16/2025,11:36:00,105,Cupressaceae-Juniperus communis,./Shrub_FieldPhotographs.zip/1435_Shrub_Whiteboard.jpg,https://5eae6d99ac972a7f9f39-bd6eca24a608a68763319e6efcdf3d9f.ssl.cf2.rackcdn.com/rmbl/507625/_data507625_chess_shrub_subform/field_207556670768505c842548c.jpg,./Shrub_FieldPhotographs.zip/1435_Shrub_Landscape_FacingEast.jpg,./Shrub_FieldPhotographs.zip/1435_Shrub_Landscape_FacingSouth.jpg,./Shrub_FieldPhotographs.zip/1435_Shrub_Landscape_FacingWest.jpg,NA
shrub,ALMO: Spring Creek (SC),1434,6/16/2025,11:27:00,83,Asteraceae-Artemisia tridentata,./Shrub_FieldPhotographs.zip/1434_Shrub_Whiteboard.jpg,https://5eae6d99ac972a7f9f39-bd6eca24a608a68763319e6efcdf3d9f.ssl.cf2.rackcdn.com/rmbl/507625/_data507625_chess_shrub_subform/field_139463665768505c7c7e4ab.jpg,./Shrub_FieldPhotographs.zip/1434_Shrub_Landscape_FacingEast.jpg,./Shrub_FieldPhotographs.zip/1434_Shrub_Landscape_FacingSouth.jpg,./Shrub_FieldPhotographs.zip/1434_Shrub_Landscape_FacingWest.jpg,NA
shrub,ALMO: Spring Creek (SC),1433,6/16/2025,11:18:00,60,Rosaceae-Purshia tridentata,./Shrub_FieldPhotographs.zip/1433_Shrub_Whiteboard.jpg,https://5eae6d99ac972a7f9f39-bd6eca24a608a68763319e6efcdf3d9f.ssl.cf2.rackcdn.com/rmbl/507625/_data507625_chess_shrub_subform/field_36397657768505c7013275.jpg,./Shrub_FieldPhotographs.zip/1433_Shrub_Landscape_FacingEast.jpg,./Shrub_FieldPhotographs.zip/1433_Shrub_Landscape_FacingSouth.jpg,./Shrub_FieldPhotographs.zip/1433_Shrub_Landscape_FacingWest.jpg,NA
shrub,ALMO: Spring Creek (SC),1432,6/16/2025,11:13:00,80,Asteraceae-Artemisia tridentata,./Shrub_FieldPhotographs.zip/1432_Shrub_Whiteboard.jpg,https://5eae6d99ac972a7f9f39-bd6eca24a608a68763319e6efcdf3d9f.ssl.cf2.rackcdn.com/rmbl/507625/_data507625_chess_shrub_subform/field_169624531268505c3f2774d.jpg,./Shrub_FieldPhotographs.zip/1432_Shrub_Landscape_FacingEast.jpg,./Shrub_FieldPhotographs.zip/1432_Shrub_Landscape_FacingSouth.jpg,./Shrub_FieldPhotographs.zip/1432_Shrub_Landscape_FacingWest.jpg,NA
shrub,ALMO: Spring Creek (SC),1431,6/16/2025,11:03:00,71,Rosaceae-Purshia tridentata,./Shrub_FieldPhotographs.zip/1431_Shrub_Whiteboard.jpg,https://5eae6d99ac972a7f9f39-bd6eca24a608a68763319e6efcdf3d9f.ssl.cf2.rackcdn.com/rmbl/507625/_data507625_chess_shrub_subform/field_106697236868505c351e9f4.jpg,./Shrub_FieldPhotographs.zip/1431_Shrub_Landscape_FacingEast.jpg,./Shrub_FieldPhotographs.zip/1431_Shrub_Landscape_FacingSouth.jpg,./Shrub_FieldPhotographs.zip/1431_Shrub_Landscape_FacingWest.jpg,NA
shrub,ALMO: Spring Creek (SC),1430,6/16/2025,10:54:00,75,Asteraceae-Artemisia tridentata,./Shrub_FieldPhotographs.zip/1430_Shrub_Whiteboard.jpg,https://5eae6d99ac972a7f9f39-bd6eca24a608a68763319e6efcdf3d9f.ssl.cf2.rackcdn.com/rmbl/507625/_data507625_chess_shrub_subform/field_35359035468505c282f862.jpg,./Shrub_FieldPhotographs.zip/1430_Shrub_Landscape_FacingEast.jpg,./Shrub_FieldPhotographs.zip/1430_Shrub_Landscape_FacingSouth.jpg,./Shrub_FieldPhotographs.zip/1430_Shrub_Landscape_FacingWest.jpg,NA
shrub,ALMO: Spring Creek (SC),1429,6/16/2025,10:48:00,107,Cupressaceae-Juniperus communis,./Shrub_FieldPhotographs.zip/1429_Shrub_Whiteboard.jpg,https://5eae6d99ac972a7f9f39-bd6eca24a608a68763319e6efcdf3d9f.ssl.cf2.rackcdn.com/rmbl/507625/_data507625_chess_shrub_subform/field_158503586968504b82669d0.jpg,./Shrub_FieldPhotographs.zip/1429_Shrub_Landscape_FacingEast.jpg,./Shrub_FieldPhotographs.zip/1429_Shrub_Landscape_FacingSouth.jpg,./Shrub_FieldPhotographs.zip/1429_Shrub_Landscape_FacingWest.jpg,NA
shrub,ALMO: Spring Creek (SC),1428,6/16/2025,10:37:00,66,Asteraceae-Artemisia tridentata,./Shrub_FieldPhotographs.zip/1428_Shrub_Whiteboard.jpg,https://5eae6d99ac972a7f9f39-bd6eca24a608a68763319e6efcdf3d9f.ssl.cf2.rackcdn.com/rmbl/507625/_data507625_chess_shrub_subform/field_142178792668504945b0b18.jpg,./Shrub_FieldPhotographs.zip/1428_Shrub_Landscape_FacingEast.jpg,./Shrub_FieldPhotographs.zip/1428_Shrub_Landscape_FacingSouth.jpg,./Shrub_FieldPhotographs.zip/1428_Shrub_Landscape_FacingWest.jpg,NA
shrub,ALMO: Spring Creek (SC),1427,6/16/2025,10:32:00,163,Rosaceae-Holodiscus discolor,./Shrub_FieldPhotographs.zip/1427_Shrub_Whiteboard.jpg,https://5eae6d99ac972a7f9f39-bd6eca24a608a68763319e6efcdf3d9f.ssl.cf2.rackcdn.com/rmbl/507625/_data507625_chess_shrub_subform/field_2086624037685047db7d0ff.jpg,./Shrub_FieldPhotographs.zip/1427_Shrub_Landscape_FacingEast.jpg,./Shrub_FieldPhotographs.zip/1427_Shrub_Landscape_FacingSouth.jpg,./Shrub_FieldPhotographs.zip/1427_Shrub_Landscape_FacingWest.jpg,NA
shrub,ALMO: Almont Triangle North (AN),1426,6/15/2025,12:34:00,340,Rosaceae-Amelanchier alnifolia,./Shrub_FieldPhotographs.zip/1426_Shrub_Whiteboard.jpg,https://5eae6d99ac972a7f9f39-bd6eca24a608a68763319e6efcdf3d9f.ssl.cf2.rackcdn.com/rmbl/507625/_data507625_chess_shrub_subform/field_1015730069684f15e924d01.jpg,./Shrub_FieldPhotographs.zip/1426_Shrub_Landscape_FacingEast.jpg,./Shrub_FieldPhotographs.zip/1426_Shrub_Landscape_FacingSouth.jpg,./Shrub_FieldPhotographs.zip/1426_Shrub_Landscape_FacingWest.jpg,NA
shrub,ALMO: Almont Triangle North (AN),1425,6/15/2025,12:19:00,460,Cupressaceae-Juniperus scopulorum,./Shrub_FieldPhotographs.zip/1425_Shrub_Whiteboard.jpg,https://5eae6d99ac972a7f9f39-bd6eca24a608a68763319e6efcdf3d9f.ssl.cf2.rackcdn.com/rmbl/507625/_data507625_chess_shrub_subform/field_390959843684f15e1b230e.jpg,./Shrub_FieldPhotographs.zip/1425_Shrub_Landscape_FacingEast.jpg,./Shrub_FieldPhotographs.zip/1425_Shrub_Landscape_FacingSouth.jpg,./Shrub_FieldPhotographs.zip/1425_Shrub_Landscape_FacingWest.jpg,NA
shrub,ALMO: Almont Triangle North (AN),1424,6/15/2025,11:51:00,196,Grossulariaceae-Ribes cereum,./Shrub_FieldPhotographs.zip/1424_Shrub_Whiteboard.jpg,https://5eae6d99ac972a7f9f39-bd6eca24a608a68763319e6efcdf3d9f.ssl.cf2.rackcdn.com/rmbl/507625/_data507625_chess_shrub_subform/field_770704462684f15b10dd64.jpg,./Shrub_FieldPhotographs.zip/1424_Shrub_Landscape_FacingEast.jpg,./Shrub_FieldPhotographs.zip/1424_Shrub_Landscape_FacingSouth.jpg,./Shrub_FieldPhotographs.zip/1424_Shrub_Landscape_FacingWest.jpg,NA
shrub,ALMO: Almont Triangle North (AN),1423,6/15/2025,11:36:00,240,Salicaceae-Salix monticola,./Shrub_FieldPhotographs.zip/1423_Shrub_Whiteboard.jpg,https://5eae6d99ac972a7f9f39-bd6eca24a608a68763319e6efcdf3d9f.ssl.cf2.rackcdn.com/rmbl/507625/_data507625_chess_shrub_subform/field_1047469462684f15a7416f6.jpg,./Shrub_FieldPhotographs.zip/1423_Shrub_Landscape_FacingEast.jpg,./Shrub_FieldPhotographs.zip/1423_Shrub_Landscape_FacingSouth.jpg,./Shrub_FieldPhotographs.zip/1423_Shrub_Landscape_FacingWest.jpg,NA
shrub,ALMO: Almont Triangle North (AN),1422,6/15/2025,11:18:00,80,Cupressaceae-Juniperus communis,./Shrub_FieldPhotographs.zip/1422_Shrub_Whiteboard.jpg,https://5eae6d99ac972a7f9f39-bd6eca24a608a68763319e6efcdf3d9f.ssl.cf2.rackcdn.com/rmbl/507625/_data507625_chess_shrub_subform/field_674578367684f159f6e030.jpg,./Shrub_FieldPhotographs.zip/1422_Shrub_Landscape_FacingEast.jpg,./Shrub_FieldPhotographs.zip/1422_Shrub_Landscape_FacingSouth.jpg,./Shrub_FieldPhotographs.zip/1422_Shrub_Landscape_FacingWest.jpg,NA
shrub,ALMO: Almont Triangle North (AN),1421,6/15/2025,11:01:00,187,Rosaceae-Amelanchier alnifolia,./Shrub_FieldPhotographs.zip/1421_Shrub_Whiteboard.jpg,https://5eae6d99ac972a7f9f39-bd6eca24a608a68763319e6efcdf3d9f.ssl.cf2.rackcdn.com/rmbl/507625/_data507625_chess_shrub_subform/field_173432781684f15962c445.jpg,./Shrub_FieldPhotographs.zip/1421_Shrub_Landscape_FacingEast.jpg,./Shrub_FieldPhotographs.zip/1421_Shrub_Landscape_FacingSouth.jpg,./Shrub_FieldPhotographs.zip/1421_Shrub_Landscape_FacingWest.jpg,Not good for soil
shrub,ALMO: Almont Triangle North (AN),1417,6/15/2025,10:41:00,510,Cupressaceae-Juniperus scopulorum,./Shrub_FieldPhotographs.zip/1417_Shrub_Whiteboard.jpg,https://5eae6d99ac972a7f9f39-bd6eca24a608a68763319e6efcdf3d9f.ssl.cf2.rackcdn.com/rmbl/507625/_data507625_chess_shrub_subform/field_311137500684f158f1b070.jpg,./Shrub_FieldPhotographs.zip/1417_Shrub_Landscape_FacingEast.jpg,./Shrub_FieldPhotographs.zip/1417_Shrub_Landscape_FacingSouth.jpg,./Shrub_FieldPhotographs.zip/1417_Shrub_Landscape_FacingWest.jpg,Not good for soil sample
shrub,ALMO: Almont Triangle North (AN),1420,6/15/2025,10:19:00,172,Sapindaceae-Acer glabrum,./Shrub_FieldPhotographs.zip/1420_Shrub_Whiteboard.jpg,https://5eae6d99ac972a7f9f39-bd6eca24a608a68763319e6efcdf3d9f.ssl.cf2.rackcdn.com/rmbl/507625/_data507625_chess_shrub_subform/field_1491634470684f1587c3051.jpg,./Shrub_FieldPhotographs.zip/1420_Shrub_Landscape_FacingEast.jpg,./Shrub_FieldPhotographs.zip/1420_Shrub_Landscape_FacingSouth.jpg,./Shrub_FieldPhotographs.zip/1420_Shrub_Landscape_FacingWest.jpg,All rock no soil
shrub,ALMO: Almont Triangle North (AN),1419,6/15/2025,10:06:00,78,Rosaceae-Purshia tridentata,./Shrub_FieldPhotographs.zip/1419_Shrub_Whiteboard.jpg,https://5eae6d99ac972a7f9f39-bd6eca24a608a68763319e6efcdf3d9f.ssl.cf2.rackcdn.com/rmbl/507625/_data507625_chess_shrub_subform/field_738863283684f15818ace8.jpg,./Shrub_FieldPhotographs.zip/1419_Shrub_Landscape_FacingEast.jpg,./Shrub_FieldPhotographs.zip/1419_Shrub_Landscape_FacingSouth.jpg,./Shrub_FieldPhotographs.zip/1419_Shrub_Landscape_FacingWest.jpg,Not good for soil too rocky
shrub,ALMO: Almont Triangle North (AN),1418,6/15/2025,9:46:00,154,Rosaceae-Amelanchier alnifolia,./Shrub_FieldPhotographs.zip/1418_Shrub_Whiteboard.jpg,https://5eae6d99ac972a7f9f39-bd6eca24a608a68763319e6efcdf3d9f.ssl.cf2.rackcdn.com/rmbl/507625/_data507625_chess_shrub_subform/field_217675555684f157a55c30.jpg,./Shrub_FieldPhotographs.zip/1418_Shrub_Landscape_FacingEast.jpg,./Shrub_FieldPhotographs.zip/1418_Shrub_Landscape_FacingSouth.jpg,./Shrub_FieldPhotographs.zip/1418_Shrub_Landscape_FacingWest.jpg,Small rocks not ideal for soil core
shrub,ALMO: Almont Triangle South (AS),1408,6/14/2025,12:07:00,220,Rosaceae-Amelanchier alnifolia,./Shrub_FieldPhotographs.zip/1408_Shrub_Whiteboard.jpg,https://5eae6d99ac972a7f9f39-bd6eca24a608a68763319e6efcdf3d9f.ssl.cf2.rackcdn.com/rmbl/507625/_data507625_chess_shrub_subform/field_1636771290684ddbc99a428.jpg,./Shrub_FieldPhotographs.zip/1408_Shrub_Landscape_FacingEast.jpg,./Shrub_FieldPhotographs.zip/1408_Shrub_Landscape_FacingSouth.jpg,./Shrub_FieldPhotographs.zip/1408_Shrub_Landscape_FacingWest.jpg,NA
shrub,ALMO: Almont Triangle South (AS),1410,6/14/2025,11:46:00,182,Cupressaceae-Juniperus scopulorum,./Shrub_FieldPhotographs.zip/1410_Shrub_Whiteboard.jpg,https://5eae6d99ac972a7f9f39-bd6eca24a608a68763319e6efcdf3d9f.ssl.cf2.rackcdn.com/rmbl/507625/_data507625_chess_shrub_subform/field_1601051580684ddbc196e46.jpg,./Shrub_FieldPhotographs.zip/1410_Shrub_Landscape_FacingEast.jpg,./Shrub_FieldPhotographs.zip/1410_Shrub_Landscape_FacingSouth.jpg,./Shrub_FieldPhotographs.zip/1410_Shrub_Landscape_FacingWest.jpg,We know species just not in form
shrub,ALMO: Almont Triangle South (AS),1411,6/14/2025,11:40:00,212,Cupressaceae-Juniperus scopulorum,./Shrub_FieldPhotographs.zip/1411_Shrub_Whiteboard.jpg,https://5eae6d99ac972a7f9f39-bd6eca24a608a68763319e6efcdf3d9f.ssl.cf2.rackcdn.com/rmbl/507625/_data507625_chess_shrub_subform/field_1297592415684ddbbccc9b0.jpg,./Shrub_FieldPhotographs.zip/1411_Shrub_Landscape_FacingEast.jpg,./Shrub_FieldPhotographs.zip/1411_Shrub_Landscape_FacingSouth.jpg,./Shrub_FieldPhotographs.zip/1411_Shrub_Landscape_FacingWest.jpg,We know species just not in form
shrub,ALMO: Almont Triangle South (AS),1407,6/14/2025,11:24:00,102,Cupressaceae-Juniperus communis,./Shrub_FieldPhotographs.zip/1407_Shrub_Whiteboard.jpg,https://5eae6d99ac972a7f9f39-bd6eca24a608a68763319e6efcdf3d9f.ssl.cf2.rackcdn.com/rmbl/507625/_data507625_chess_shrub_subform/field_1292373578684ddbb01b06b.jpg,./Shrub_FieldPhotographs.zip/1407_Shrub_Landscape_FacingEast.jpg,./Shrub_FieldPhotographs.zip/1407_Shrub_Landscape_FacingSouth.jpg,./Shrub_FieldPhotographs.zip/1407_Shrub_Landscape_FacingWest.jpg,We know species just not in form
shrub,ALMO: Almont Triangle South (AS),1409,6/14/2025,11:06:00,225,Rosaceae-Amelanchier alnifolia,./Shrub_FieldPhotographs.zip/1409_Shrub_Whiteboard.jpg,https://5eae6d99ac972a7f9f39-bd6eca24a608a68763319e6efcdf3d9f.ssl.cf2.rackcdn.com/rmbl/507625/_data507625_chess_shrub_subform/field_1996649780684ddba73d621.jpg,./Shrub_FieldPhotographs.zip/1409_Shrub_Landscape_FacingEast.jpg,./Shrub_FieldPhotographs.zip/1409_Shrub_Landscape_FacingSouth.jpg,./Shrub_FieldPhotographs.zip/1409_Shrub_Landscape_FacingWest.jpg,NA
shrub,ALMO: Almont Triangle South (AS),1414,6/14/2025,10:50:00,123,Grossulariaceae-Ribes cereum,./Shrub_FieldPhotographs.zip/1414_Shrub_Whiteboard.jpg,https://5eae6d99ac972a7f9f39-bd6eca24a608a68763319e6efcdf3d9f.ssl.cf2.rackcdn.com/rmbl/507625/_data507625_chess_shrub_subform/field_287695832684ddba1de600.jpg,./Shrub_FieldPhotographs.zip/1414_Shrub_Landscape_FacingEast.jpg,./Shrub_FieldPhotographs.zip/1414_Shrub_Landscape_FacingSouth.jpg,./Shrub_FieldPhotographs.zip/1414_Shrub_Landscape_FacingWest.jpg,NA
shrub,ALMO: Almont Triangle South (AS),1415,6/14/2025,10:21:00,125,Cupressaceae-Juniperus communis,./Shrub_FieldPhotographs.zip/1415_Shrub_Whiteboard.jpg,https://5eae6d99ac972a7f9f39-bd6eca24a608a68763319e6efcdf3d9f.ssl.cf2.rackcdn.com/rmbl/507625/_data507625_chess_shrub_subform/field_963278025684ddb94567b4.jpg,./Shrub_FieldPhotographs.zip/1415_Shrub_Landscape_FacingEast.jpg,./Shrub_FieldPhotographs.zip/1415_Shrub_Landscape_FacingSouth.jpg,./Shrub_FieldPhotographs.zip/1415_Shrub_Landscape_FacingWest.jpg,Know species - juniperus horizontalis
shrub,ALMO: Almont Triangle South (AS),1413,6/14/2025,9:57:00,108,Rosaceae-Amelanchier alnifolia,./Shrub_FieldPhotographs.zip/1413_Shrub_Whiteboard.jpg,https://5eae6d99ac972a7f9f39-bd6eca24a608a68763319e6efcdf3d9f.ssl.cf2.rackcdn.com/rmbl/507625/_data507625_chess_shrub_subform/field_516955658684ddb8b2150b.jpg,./Shrub_FieldPhotographs.zip/1413_Shrub_Landscape_FacingEast.jpg,./Shrub_FieldPhotographs.zip/1413_Shrub_Landscape_FacingSouth.jpg,./Shrub_FieldPhotographs.zip/1413_Shrub_Landscape_FacingWest.jpg,NA
shrub,ALMO: Almont Triangle South (AS),1416,6/14/2025,9:40:00,189,Rosaceae-Amelanchier alnifolia,./Shrub_FieldPhotographs.zip/1416_Shrub_Whiteboard.jpg,https://5eae6d99ac972a7f9f39-bd6eca24a608a68763319e6efcdf3d9f.ssl.cf2.rackcdn.com/rmbl/507625/_data507625_chess_shrub_subform/field_1295727290684ddb7d8ea7b.jpg,./Shrub_FieldPhotographs.zip/1416_Shrub_Landscape_FacingEast.jpg,./Shrub_FieldPhotographs.zip/1416_Shrub_Landscape_FacingSouth.jpg,./Shrub_FieldPhotographs.zip/1416_Shrub_Landscape_FacingWest.jpg,NA
shrub,ALMO: Almont Triangle South (AS),1412,6/14/2025,9:22:00,183,Rosaceae-Amelanchier alnifolia,./Shrub_FieldPhotographs.zip/1412_Shrub_Whiteboard.jpg,https://5eae6d99ac972a7f9f39-bd6eca24a608a68763319e6efcdf3d9f.ssl.cf2.rackcdn.com/rmbl/507625/_data507625_chess_shrub_subform/field_349508847684d95f5b1777.jpg,./Shrub_FieldPhotographs.zip/1412_Shrub_Landscape_FacingEast.jpg,./Shrub_FieldPhotographs.zip/1412_Shrub_Landscape_FacingSouth.jpg,./Shrub_FieldPhotographs.zip/1412_Shrub_Landscape_FacingWest.jpg,NA
